6456,84.30,"6 465,0 RUB",2022-01-18 13:19:03.859705,"76,5048"
6467,84.38,"6 458,5 RUB",2022-01-18 13:24:09.514180,"76,4868"
6467,85.00,"6 496,5 RUB",2022-01-18 13:29:15.571998,"76,4703"
6501,85.32,"6 509,0 RUB",2022-01-18 13:34:20.737560,"76,4138"
6501,85.44,"6 532,5 RUB",2022-01-18 13:39:26.833273,"76,4028"
6501,85.40,"6 524,5 RUB",2022-01-18 13:44:32.405911,"76,4642"
6501,85.10,"6 500,5 RUB",2022-01-18 13:49:39.166634,"76,4959"
6520,84.96,"6 493,0 RUB",2022-01-18 13:54:45.094097,"76,4667"
6520,85.24,"6 520,0 RUB",2022-01-18 13:59:51.026333,"76,4317"
6523,84.98,"6 515,0 RUB",2022-01-18 14:04:56.376371,"76,4742"
6523,84.94,"6 482,0 RUB",2022-01-18 14:10:04.029260,"76,5427"
6523,84.66,"6 470,5 RUB",2022-01-18 14:15:10.315427,"76,5877"
6523,84.28,"6 451,0 RUB",2022-01-18 14:20:15.234740,"76,5434"
6483,84.34,"6 456,5 RUB",2022-01-18 14:25:21.162899,"76,5246"
6483,84.32,"6 450,0 RUB",2022-01-18 14:30:26.696459,"76,5513"
6462,84.34,"6 454,0 RUB",2022-01-18 14:35:33.974506,"76,5489"
6462,84.32,"6 450,0 RUB",2022-01-18 14:40:40.217019,"76,5890"
6462,83.78,"6 421,0 RUB",2022-01-18 14:45:48.948049,"76,5458"
6462,83.88,"6 424,0 RUB",2022-01-18 14:50:55.033404,"76,4562"
6415,83.28,"6 375,5 RUB",2022-01-18 14:56:01.928039,"76,4600"
6415,83.18,"6 376,0 RUB",2022-01-18 15:01:08.699152,"76,4170"
6391,83.30,"6 365,5 RUB",2022-01-18 15:06:15.606525,"76,5179"
6378,83.50,"6 385,0 RUB",2022-01-18 15:38:40.929250,"76,4830"
6378,83.24,"6 365,0 RUB",2022-01-18 15:43:46.782963,"76,4439"
6378,83.40,"6 391,5 RUB",2022-01-18 15:48:52.590006,"76,4485"
6386,83.24,"6 379,5 RUB",2022-01-18 15:53:59.528815,"76,3195"
6386,83.32,"6 353,0 RUB",2022-01-18 15:59:06.796453,"76,2548"
6386,83.60,"6 396,0 RUB",2022-01-18 16:04:14.491379,"76,3652"
6397,84.14,"6 431,5 RUB",2022-01-18 16:09:20.170203,"76,4016"
6397,84.08,"6 418,0 RUB",2022-01-18 16:14:25.882471,"76,4362"
6397,83.60,"6 397,0 RUB",2022-01-18 16:19:32.775396,"76,3860"
6409,83.54,"6 383,5 RUB",2022-01-18 16:24:39.117759,"76,4209"
6409,83.38,"6 380,5 RUB",2022-01-18 16:29:45.995278,"76,4235"
6409,83.26,"6 360,0 RUB",2022-01-18 16:34:54.898706,"76,4729"
6374,82.94,"6 344,0 RUB",2022-01-18 16:40:21.231552,"76,4968"
6374,82.90,"6 340,5 RUB",2022-01-18 16:45:31.848491,"76,5126"
6374,82.96,"6 344,0 RUB",2022-01-18 16:50:38.553019,"76,4943"
6341,82.94,"6 342,0 RUB",2022-01-18 16:55:48.931591,"76,5799"
6341,82.14,"6 283,5 RUB",2022-01-18 17:00:55.352852,"76,5798"
6341,82.06,"6 278,5 RUB",2022-01-18 17:06:08.421750,"76,6635"
6298,81.48,"6 236,5 RUB",2022-01-18 17:11:14.500122,"76,6445"
6298,81.38,"6 215,5 RUB",2022-01-18 17:16:20.132424,"76,6643"
6298,81.06,"6 209,0 RUB",2022-01-18 17:21:28.330298,"76,6667"
6204,81.24,"6 216,0 RUB",2022-01-18 17:26:35.240726,"76,5969"
6204,81.26,"6 160,0 RUB",2022-01-18 17:31:42.027305,"76,6094"
6204,80.74,"6 190,0 RUB",2022-01-18 17:36:49.317789,"76,6351"
6185,80.86,"6 196,5 RUB",2022-01-18 17:41:54.607726,"76,5728"
6185,80.92,"6 193,0 RUB",2022-01-18 17:47:02.040302,"76,6545"
6205,81.06,"6 184,0 RUB",2022-01-18 17:52:12.820227,"76,7510"
6205,81.06,"6 205,0 RUB",2022-01-18 17:57:19.814125,"76,6743"
6205,81.16,"6 198,5 RUB",2022-01-18 18:02:27.107928,"76,7242"
6205,80.86,"6 197,5 RUB",2022-01-18 18:07:33.683777,"76,7025"
6204,81.12,"6 225,0 RUB",2022-01-18 18:12:44.309052,"76,6538"
6204,81.00,"6 215,0 RUB",2022-01-18 18:17:49.911793,"76,7223"
6204,80.64,"6 199,5 RUB",2022-01-18 18:22:57.389667,"76,7187"
6215,80.96,"6 206,5 RUB",2022-01-18 18:28:04.096356,"76,6705"
6215,80.84,"6 209,0 RUB",2022-01-18 18:33:12.566483,"76,6858"
6215,80.86,"6 196,0 RUB",2022-01-18 18:38:18.893691,"76,6700"
6214,81.14,"6 202,0 RUB",2022-01-18 18:43:24.666560,"76,8048"
6214,80.84,"6 151,5 RUB",2022-01-18 18:48:30.873683,"76,8307"
6214,81.00,"6 151,5 RUB",2022-01-18 18:53:37.588819,"76,7343"
6214,81.50,"6 151,5 RUB",2022-01-18 18:58:43.652508,"76,7200"
6214,81.46,"6 151,5 RUB",2022-01-18 19:03:51.292950,"76,6646"
6214,80.98,"6 258,5 RUB",2022-01-18 19:08:58.743803,"76,6735"
6260,81.24,"6 246,0 RUB",2022-01-18 19:14:08.732272,"76,6946"
6260,81.56,"6 238,0 RUB",2022-01-18 19:19:15.593762,"76,7240"
6258,81.00,"6 246,0 RUB",2022-01-18 19:24:21.198900,"76,7402"
6258,80.92,"6 293,0 RUB",2022-01-18 19:29:26.394992,"76,7082"
6258,85.48,"6 271,5 RUB",2022-01-18 19:34:31.716550,"76,7257"
6290,85.48,"6 288,5 RUB",2022-01-18 19:39:37.525007,"76,7173"
6290,85.48,"6 275,0 RUB",2022-01-18 19:44:43.104671,"76,6810"
6290,81.92,"6 286,0 RUB",2022-01-18 19:49:54.914655,"76,7292"
6290,81.92,"6 288,0 RUB",2022-01-18 19:55:01.467329,"76,7126"
6290,85.48,"6 309,0 RUB",2022-01-18 20:00:07.472650,"76,7317"
6290,81.92,"6 283,5 RUB",2022-01-18 20:05:16.585465,"76,7265"
6290,81.92,"6 272,5 RUB",2022-01-18 20:10:22.617763,"76,7959"
6291,85.48,"6 265,0 RUB",2022-01-18 20:15:31.570248,"76,7842"
6291,81.92,"6 265,0 RUB",2022-01-18 20:20:40.372746,"76,8748"
6282,85.48,"6 263,5 RUB",2022-01-18 20:25:49.778488,"76,8566"
6282,81.92,"6 257,5 RUB",2022-01-18 20:30:54.607314,"76,8584"
6282,85.48,"6 250,0 RUB",2022-01-18 20:36:00.575247,"76,8646"
6282,81.92,"6 230,0 RUB",2022-01-18 20:41:11.965018,"76,8858"
6523,86.38,"6 591,0 RUB",2022-01-19 14:33:17.916825,"75,9146"
6523,86.50,"6 592,0 RUB",2022-01-19 14:38:26.033639,"75,8831"
6523,86.18,"6 580,5 RUB",2022-01-19 14:43:39.450147,"76,0740"
6523,86.56,"6 573,5 RUB",2022-01-19 14:48:48.250148,"75,9583"
6523,86.70,"6 585,0 RUB",2022-01-19 14:54:01.061945,"75,9081"
6523,86.66,"6 592,5 RUB",2022-01-19 14:59:08.236403,"76,0214"
6523,86.74,"6 592,0 RUB",2022-01-19 15:04:16.368471,"76,0543"
6600,86.96,"6 616,0 RUB",2022-01-19 15:09:23.983671,"76,1122"
6600,86.84,"6 599,5 RUB",2022-01-19 15:14:31.131850,"76,0781"
6600,87.32,"6 657,5 RUB",2022-01-19 15:19:37.776988,"76,0440"
6652,86.76,"6 609,0 RUB",2022-01-19 15:24:44.606808,"76,0488"
6652,86.72,"6 598,5 RUB",2022-01-19 15:29:49.971830,"76,0470"
6652,86.52,"6 576,0 RUB",2022-01-19 15:35:00.588245,"76,0740"
6615,86.48,"6 593,0 RUB",2022-01-19 15:40:08.414721,"76,0513"
6615,85.86,"6 548,0 RUB",2022-01-19 15:45:16.451534,"76,1213"
6615,85.78,"6 534,0 RUB",2022-01-19 15:50:22.721388,"76,1656"
6615,85.64,"6 526,5 RUB",2022-01-19 15:55:33.825868,"76,1861"
6615,85.56,"6 524,5 RUB",2022-01-19 16:00:40.665996,"76,2265"
6615,85.36,"6 515,5 RUB",2022-01-19 16:05:48.108838,"76,3131"
6527,85.76,"6 545,0 RUB",2022-01-19 16:10:53.454761,"76,2130"
6527,85.74,"6 555,5 RUB",2022-01-19 16:15:59.349404,"76,2697"
6527,85.98,"6 566,5 RUB",2022-01-19 16:21:05.373881,"76,3213"
6560,86.04,"6 573,5 RUB",2022-01-19 16:26:16.298503,"76,3233"
6560,85.74,"6 551,5 RUB",2022-01-19 16:31:24.660769,"76,3718"
6560,85.80,"6 567,5 RUB",2022-01-19 16:36:33.315623,"76,3225"
6564,85.54,"6 535,0 RUB",2022-01-19 16:41:45.387326,"76,3014"
6564,85.54,"6 534,5 RUB",2022-01-19 16:46:54.859297,"76,2294"
6564,85.90,"6 561,0 RUB",2022-01-19 16:52:05.009962,"76,2835"
6554,85.94,"6 571,0 RUB",2022-01-19 16:57:11.790558,"76,2494"
6554,85.70,"6 544,0 RUB",2022-01-19 17:02:24.851471,"76,3549"
6555,85.62,"6 542,5 RUB",2022-01-19 17:07:32.596859,"76,3328"
6555,85.38,"6 527,5 RUB",2022-01-19 17:12:46.500715,"76,2936"
6555,85.28,"6 523,0 RUB",2022-01-19 17:17:53.501004,"76,2972"
6543,85.36,"6 525,0 RUB",2022-01-19 17:23:00.337878,"76,3886"
6543,85.00,"6 511,5 RUB",2022-01-19 17:28:08.601222,"76,4175"
6543,85.02,"6 524,0 RUB",2022-01-19 17:33:17.587940,"76,4032"
6543,85.30,"6 508,5 RUB",2022-01-19 17:38:25.689194,"76,4920"
6546,83.98,"6 442,0 RUB",2022-01-20 11:33:16.245396,"76,6406"
6546,83.32,"6 391,5 RUB",2022-01-20 11:38:24.837442,"76,6949"
6546,83.38,"6 405,5 RUB",2022-01-20 11:43:36.961123,"76,7630"
6546,83.30,"6 398,0 RUB",2022-01-20 11:48:43.847667,"76,7256"
6546,83.48,"6 417,5 RUB",2022-01-20 11:53:49.101984,"76,7442"
6546,83.56,"6 426,0 RUB",2022-01-20 11:58:53.859871,"76,7565"
6546,83.20,"6 404,5 RUB",2022-01-20 12:04:00.021446,"76,7268"
6546,83.50,"6 416,5 RUB",2022-01-20 12:09:07.029835,"76,7039"
6546,83.90,"6 443,0 RUB",2022-01-20 12:14:13.884483,"76,6289"
6546,83.98,"6 452,0 RUB",2022-01-20 12:19:20.820928,"76,5082"
6546,84.02,"6 451,0 RUB",2022-01-20 12:24:27.055647,"76,5485"
6546,84.44,"6 485,5 RUB",2022-01-20 12:29:34.104501,"76,5988"
6546,84.88,"6 498,0 RUB",2022-01-20 12:34:44.462629,"76,5952"
6546,85.14,"6 528,5 RUB",2022-01-20 12:39:49.287259,"76,4985"
6546,84.68,"6 489,5 RUB",2022-01-20 12:44:55.499795,"76,5388"
6546,84.92,"6 503,5 RUB",2022-01-20 12:50:03.962593,"76,5455"
6546,85.02,"6 506,0 RUB",2022-01-20 12:55:13.061775,"76,5815"
6546,85.00,"6 509,0 RUB",2022-01-20 13:00:18.996562,"76,5406"
6546,84.98,"6 507,0 RUB",2022-01-20 13:05:25.883561,"76,4964"
6546,83.82,"6 420,0 RUB",2022-01-20 15:43:06.759883,"76,6383"
6546,83.76,"6 424,5 RUB",2022-01-20 15:48:13.265320,"76,6234"
6432,83.74,"6 422,0 RUB",2022-01-20 15:53:19.839486,"76,6418"
6432,83.74,"6 416,0 RUB",2022-01-20 15:58:26.450916,"76,6400"
6432,83.70,"6 417,0 RUB",2022-01-20 16:03:34.793277,"76,6478"
6428,83.86,"6 429,5 RUB",2022-01-20 16:08:41.122223,"76,6098"
6428,83.90,"6 431,5 RUB",2022-01-20 16:13:48.884990,"76,5576"
6428,83.90,"6 433,5 RUB",2022-01-20 16:18:56.375028,"76,5401"
6435,83.96,"6 426,5 RUB",2022-01-20 16:24:02.719774,"76,6329"
6435,83.90,"6 427,5 RUB",2022-01-20 16:29:08.664151,"76,5919"
6435,84.28,"6 455,0 RUB",2022-01-20 16:34:14.745235,"76,6456"
6349,83.18,"6 380,5 RUB",2022-01-21 11:43:39.225930,"76,6478"
6349,83.18,"6 382,0 RUB",2022-01-21 11:48:49.011879,"76,6743"
6386,83.28,"6 384,5 RUB",2022-01-21 11:53:55.888158,"76,6945"
6386,83.32,"6 387,5 RUB",2022-01-21 11:59:01.904417,"76,6710"
6389,83.18,"6 380,0 RUB",2022-01-21 12:04:09.659304,"76,6368"
6389,83.22,"6 380,5 RUB",2022-01-21 12:09:16.881043,"76,6503"
6389,83.28,"6 387,5 RUB",2022-01-21 12:14:22.691816,"76,6037"
6393,83.32,"6 392,0 RUB",2022-01-21 12:19:29.309334,"76,6230"
6393,83.62,"6 408,0 RUB",2022-01-21 12:24:38.866708,"76,5562"
6393,83.50,"6 396,5 RUB",2022-01-21 12:29:44.843399,"76,5724"
6409,83.96,"6 408,5 RUB",2022-01-21 12:34:51.188480,"76,5556"
6409,84.08,"6 437,0 RUB",2022-01-21 12:39:56.457907,"76,5325"
6409,83.80,"6 414,5 RUB",2022-01-21 12:45:02.638088,"76,5408"
6428,84.00,"6 422,0 RUB",2022-01-21 12:50:09.437357,"76,5538"
6428,83.88,"6 427,0 RUB",2022-01-21 12:55:17.407954,"76,4778"
6428,83.88,"6 428,5 RUB",2022-01-21 13:00:22.693802,"76,4700"
6431,83.92,"6 425,0 RUB",2022-01-21 13:05:27.708552,"76,4610"
6431,83.90,"6 420,5 RUB",2022-01-21 13:10:34.250964,"76,3995"
6431,83.80,"6 404,5 RUB",2022-01-21 13:15:41.821829,"76,4585"
6419,84.00,"6 410,0 RUB",2022-01-21 13:20:50.691769,"76,4975"
6419,83.80,"6 404,0 RUB",2022-01-21 13:25:57.395345,"76,5088"
6419,83.58,"6 388,5 RUB",2022-01-21 13:31:02.810982,"76,5252"
6407,83.70,"6 398,5 RUB",2022-01-21 13:36:09.579259,"76,4960"
6407,83.42,"6 378,0 RUB",2022-01-21 13:41:17.295204,"76,5502"
6407,83.68,"6 400,0 RUB",2022-01-21 13:46:24.153694,"76,5574"
6404,83.90,"6 408,0 RUB",2022-01-21 13:51:31.413563,"76,5968"
6404,83.80,"6 407,5 RUB",2022-01-21 13:56:38.485224,"76,6537"
6404,83.82,"6 413,0 RUB",2022-01-21 14:01:46.651903,"76,6927"
6415,83.58,"6 402,5 RUB",2022-01-21 14:06:54.672603,"76,6882"
6415,83.64,"6 405,0 RUB",2022-01-21 14:12:00.663007,"76,6693"
6415,83.64,"6 401,0 RUB",2022-01-21 14:17:06.798992,"76,7083"
6417,83.74,"6 419,0 RUB",2022-01-21 14:22:13.157797,"76,7645"
6417,84.00,"6 440,0 RUB",2022-01-21 14:27:20.124692,"76,8891"
6417,83.94,"6 436,0 RUB",2022-01-21 14:32:26.190766,"76,8551"
6439,83.72,"6 427,0 RUB",2022-01-21 14:37:32.977951,"76,8096"
6439,83.14,"6 383,0 RUB",2022-01-21 14:42:39.467720,"76,5876"
6439,82.98,"6 375,5 RUB",2022-01-21 14:47:45.359983,"76,5691"
6384,83.00,"6 369,0 RUB",2022-01-21 14:52:51.226059,"76,5982"
6384,83.84,"6 418,5 RUB",2022-01-21 14:57:56.777170,"76,6216"
6384,84.22,"6 419,5 RUB",2022-01-21 15:03:02.640834,"76,6168"
6440,84.74,"6 474,5 RUB",2022-01-21 15:08:09.253464,"76,6398"
6440,84.44,"6 473,0 RUB",2022-01-21 15:13:14.394919,"76,6372"
6440,84.48,"6 475,5 RUB",2022-01-21 15:18:19.808321,"76,6285"
6483,84.46,"6 471,0 RUB",2022-01-21 15:23:35.732819,"76,5738"
6483,84.78,"6 494,5 RUB",2022-01-21 15:28:42.060433,"76,4790"
6483,84.82,"6 488,5 RUB",2022-01-21 15:33:49.657065,"76,3745"
6500,84.96,"6 499,0 RUB",2022-01-21 15:38:58.245320,"76,3120"
6500,84.92,"6 494,0 RUB",2022-01-21 15:44:03.750004,"76,3620"
6250,79.60,"6 272,0 RUB",2022-01-25 11:40:19.350999,"78,6907"
6250,79.54,"6 263,0 RUB",2022-01-25 11:45:31.076542,"78,7148"
6277,79.76,"6 282,0 RUB",2022-01-25 11:50:38.359827,"78,7322"
6277,80.18,"6 318,0 RUB",2022-01-25 11:55:45.807145,"78,6630"
6277,80.48,"6 324,0 RUB",2022-01-25 12:00:57.501340,"78,6327"
6337,79.84,"6 287,0 RUB",2022-01-25 12:06:16.609728,"78,6177"
6337,80.18,"6 313,0 RUB",2022-01-25 12:11:23.309042,"78,5187"
6337,80.40,"6 325,5 RUB",2022-01-25 12:16:31.278310,"78,4871"
6327,80.68,"6 336,0 RUB",2022-01-25 12:21:38.206500,"78,5716"
6327,81.00,"6 358,0 RUB",2022-01-25 12:26:47.103258,"78,5784"
6327,80.92,"6 365,0 RUB",2022-01-25 12:31:54.369874,"78,5278"
6662,84.32,"6 664,0 RUB",2022-01-26 16:21:34.636739,"79,1276"
6662,84.28,"6 658,5 RUB",2022-01-26 16:26:42.397990,"79,1088"
6662,84.26,"6 660,0 RUB",2022-01-26 16:31:51.538677,"79,1298"
6664,84.30,"6 664,0 RUB",2022-01-26 16:37:01.579297,"79,1353"
6664,84.18,"6 657,5 RUB",2022-01-26 16:42:10.852685,"79,1139"
6664,84.36,"6 666,5 RUB",2022-01-26 16:47:22.190081,"79,1408"
6664,84.30,"6 662,0 RUB",2022-01-26 16:52:30.440933,"79,1998"
6664,84.22,"6 652,5 RUB",2022-01-26 16:57:42.751983,"79,1769"
6664,84.00,"6 650,5 RUB",2022-01-26 17:02:53.395740,"79,1889"
6658,83.74,"6 620,5 RUB",2022-01-26 17:08:00.552415,"79,1880"
6658,83.56,"6 609,0 RUB",2022-01-26 17:13:06.739468,"79,1860"
6658,83.60,"6 626,5 RUB",2022-01-26 17:18:12.677043,"79,1818"
6631,83.74,"6 629,0 RUB",2022-01-26 17:23:36.355578,"79,1999"
6631,83.88,"6 614,5 RUB",2022-01-26 17:29:06.140810,"79,1904"
6631,83.42,"6 604,0 RUB",2022-01-26 17:34:18.627077,"79,2617"
6610,83.68,"6 620,5 RUB",2022-01-26 17:39:25.076142,"79,1895"
6610,83.76,"6 628,0 RUB",2022-01-26 17:44:31.610453,"79,2219"
6610,83.64,"6 636,0 RUB",2022-01-26 17:49:38.542333,"79,2409"
6635,83.50,"6 626,0 RUB",2022-01-26 17:54:45.688718,"79,2478"
6635,83.80,"6 622,5 RUB",2022-01-26 17:59:51.971936,"79,4291"
6635,83.84,"6 631,5 RUB",2022-01-26 18:04:58.438411,"79,5517"
6635,83.70,"6 625,5 RUB",2022-01-26 18:10:06.747524,"79,5986"
6635,83.82,"6 606,5 RUB",2022-01-26 18:15:20.227345,"79,6738"
6635,83.76,"6 582,5 RUB",2022-01-26 18:20:33.538491,"79,7743"
6532,82.48,"6 524,5 RUB",2022-01-27 11:03:44.548583,"78,5112"
6532,83.28,"6 563,0 RUB",2022-01-27 11:08:52.702144,"78,6050"
6532,83.66,"6 578,5 RUB",2022-01-27 11:14:04.821387,"78,6083"
6586,84.62,"6 621,0 RUB",2022-01-27 11:19:11.841431,"78,6007"
6586,84.20,"6 617,0 RUB",2022-01-27 11:24:21.073430,"78,4717"
6586,85.28,"6 697,5 RUB",2022-01-27 11:29:28.280760,"78,5128"
6706,85.18,"6 701,0 RUB",2022-01-27 11:34:34.893333,"78,4015"
6706,85.48,"6 710,0 RUB",2022-01-27 11:39:41.667727,"78,5600"
6706,85.38,"6 707,5 RUB",2022-01-27 11:44:50.919617,"78,5260"
6713,85.46,"6 704,5 RUB",2022-01-27 11:49:56.867932,"78,5691"
6713,85.54,"6 713,5 RUB",2022-01-27 11:55:04.383286,"78,6084"
6713,85.80,"6 752,0 RUB",2022-01-27 12:00:15.599604,"78,6605"
6746,85.44,"6 720,0 RUB",2022-01-27 12:05:21.877656,"78,6863"
6746,85.64,"6 730,0 RUB",2022-01-27 12:10:28.790272,"78,7168"
6746,85.64,"6 731,0 RUB",2022-01-27 12:15:37.460885,"78,8051"
6743,85.48,"6 722,5 RUB",2022-01-27 12:20:43.776928,"78,7560"
6743,85.64,"6 734,0 RUB",2022-01-27 12:25:50.642062,"78,9440"
6743,85.54,"6 732,5 RUB",2022-01-27 12:30:57.453419,"78,8870"
6740,85.26,"6 720,0 RUB",2022-01-27 12:36:07.727656,"78,7838"
6740,84.72,"6 681,5 RUB",2022-01-27 12:41:16.795998,"78,6747"
6740,85.16,"6 713,0 RUB",2022-01-27 12:46:27.666087,"78,7414"
6718,85.34,"6 715,0 RUB",2022-01-27 12:51:34.084568,"78,6473"
6718,85.16,"6 700,0 RUB",2022-01-27 12:56:51.367077,"78,5881"
6718,85.04,"6 689,0 RUB",2022-01-27 13:01:57.951183,"78,5978"
6705,85.38,"6 716,0 RUB",2022-01-27 13:07:05.162281,"78,6704"
6705,85.48,"6 711,0 RUB",2022-01-27 13:12:12.833186,"78,5697"
6705,85.36,"6 706,0 RUB",2022-01-27 13:17:21.987748,"78,5565"
6716,85.90,"6 741,0 RUB",2022-01-27 13:22:27.769906,"78,4469"
6716,86.04,"6 756,5 RUB",2022-01-27 13:27:34.298900,"78,4143"
6716,86.26,"6 770,0 RUB",2022-01-27 13:32:42.784693,"78,4120"
6768,86.50,"6 764,0 RUB",2022-01-27 13:37:52.476079,"78,5636"
6768,86.36,"6 780,5 RUB",2022-01-27 13:43:03.823217,"78,5043"
6768,86.48,"6 774,5 RUB",2022-01-27 13:48:12.854352,"78,5621"
6784,85.98,"6 750,5 RUB",2022-01-27 13:53:21.666380,"78,5244"
6784,86.26,"6 770,0 RUB",2022-01-27 13:58:26.807729,"78,5374"
6784,86.06,"6 757,0 RUB",2022-01-27 14:03:33.846549,"78,5518"
6772,85.88,"6 752,5 RUB",2022-01-27 14:08:40.742886,"78,5840"
6772,85.90,"6 741,0 RUB",2022-01-27 14:13:47.300999,"78,5431"
6772,85.84,"6 741,5 RUB",2022-01-27 14:18:54.156218,"78,5767"
6758,85.72,"6 735,0 RUB",2022-01-27 14:24:00.480613,"78,6147"
6758,85.64,"6 728,5 RUB",2022-01-27 14:29:05.984203,"78,7635"
6731,85.40,"6 713,0 RUB",2022-01-27 14:34:15.911852,"78,7365"
6731,85.52,"6 720,0 RUB",2022-01-27 14:39:22.738661,"78,6698"
6731,85.44,"6 733,0 RUB",2022-01-27 14:44:28.585359,"78,7090"
6731,85.64,"6 744,5 RUB",2022-01-27 14:49:37.052885,"78,6199"
6740,85.80,"6 748,5 RUB",2022-01-27 14:54:48.319122,"78,7051"
6740,85.88,"6 744,0 RUB",2022-01-27 14:59:53.478570,"78,6518"
6748,85.78,"6 745,5 RUB",2022-01-27 15:04:59.795442,"78,7177"
6748,85.88,"6 753,5 RUB",2022-01-27 15:10:06.061257,"78,7705"
6748,86.02,"6 761,0 RUB",2022-01-27 15:15:14.174225,"78,7847"
6767,85.74,"6 752,0 RUB",2022-01-27 15:20:21.249453,"78,8382"
6767,85.56,"6 740,0 RUB",2022-01-27 15:25:29.116604,"78,7661"
6767,85.58,"6 745,0 RUB",2022-01-27 15:30:35.193544,"78,3749"
6750,85.36,"6 734,0 RUB",2022-01-27 15:35:41.793940,"78,0103"
6750,86.00,"6 752,5 RUB",2022-01-27 15:40:51.509905,"78,0732"
6750,86.66,"6 769,5 RUB",2022-01-27 15:45:58.911051,"78,0363"
6793,86.92,"6 793,5 RUB",2022-01-27 15:51:05.944672,"78,0730"
6793,87.44,"6 815,5 RUB",2022-01-27 15:56:21.779649,"78,0019"
6793,87.38,"6 824,5 RUB",2022-01-27 16:01:48.406043,"78,0591"
6832,87.42,"6 830,5 RUB",2022-01-27 16:06:59.649903,"77,8895"
6832,87.58,"6 838,5 RUB",2022-01-27 16:12:06.383023,"77,7351"
6832,87.80,"6 848,0 RUB",2022-01-27 16:17:14.352587,"77,7505"
6845,87.84,"6 844,0 RUB",2022-01-27 16:22:20.324643,"77,7850"
6845,88.08,"6 841,5 RUB",2022-01-27 16:27:32.883086,"77,7886"
6845,87.74,"6 823,5 RUB",2022-01-27 16:33:01.609194,"77,5955"
6837,87.90,"6 829,5 RUB",2022-01-27 16:38:12.482973,"77,4846"
6837,87.80,"6 821,5 RUB",2022-01-27 16:43:21.084283,"77,5487"
6837,88.20,"6 841,0 RUB",2022-01-27 16:48:27.658799,"77,6007"
6854,88.20,"6 835,5 RUB",2022-01-27 16:53:33.605163,"77,7518"
6834,88.16,"6 879,0 RUB",2022-01-28 12:17:47.198401,"78,0770"
6886,88.10,"6 874,0 RUB",2022-01-28 12:22:53.122872,"78,0317"
6886,88.36,"6 889,0 RUB",2022-01-28 12:27:58.870491,"77,9033"
6886,88.54,"6 903,5 RUB",2022-01-28 12:33:05.670010,"77,9058"
6902,88.48,"6 894,0 RUB",2022-01-28 12:38:11.643031,"77,9580"
6902,88.78,"6 903,5 RUB",2022-01-28 12:43:18.314676,"77,8897"
6902,88.90,"6 922,5 RUB",2022-01-28 12:48:37.214150,"77,9075"
6907,88.66,"6 905,5 RUB",2022-01-28 12:53:42.954361,"77,8974"
6907,88.56,"6 890,0 RUB",2022-01-28 12:58:49.537872,"77,8550"
6907,88.50,"6 886,5 RUB",2022-01-28 13:03:55.547793,"77,8433"
6880,88.20,"6 852,0 RUB",2022-01-28 15:19:49.892696,"77,6675"
6877,88.04,"6 840,0 RUB",2022-01-28 15:24:57.984245,"77,6393"
6877,88.16,"6 842,5 RUB",2022-01-28 15:30:04.777973,"77,5940"
6851,88.08,"6 832,5 RUB",2022-01-28 15:35:12.615925,"77,6438"
6851,87.80,"6 818,0 RUB",2022-01-28 15:40:19.965224,"77,6267"
6851,87.84,"6 815,0 RUB",2022-01-28 15:45:27.841234,"77,5020"
6829,88.00,"6 825,5 RUB",2022-01-28 15:50:37.508569,"77,4898"
6829,88.04,"6 825,0 RUB",2022-01-28 15:55:44.608319,"77,6675"
6829,88.16,"6 823,0 RUB",2022-01-28 16:00:56.081826,"77,7458"
6831,88.42,"6 833,0 RUB",2022-01-28 16:06:02.351936,"77,6918"
6831,88.06,"6 844,0 RUB",2022-01-28 16:11:19.687818,"77,7088"
6831,88.22,"6 845,5 RUB",2022-01-28 16:16:27.382013,"77,6024"
6842,88.12,"6 837,5 RUB",2022-01-28 16:21:39.326074,"77,5137"
6842,87.86,"6 821,0 RUB",2022-01-28 16:26:48.208880,"77,4835"
6842,88.40,"6 848,0 RUB",2022-01-28 16:32:02.299161,"77,5840"
6844,88.40,"6 840,5 RUB",2022-01-28 16:37:25.076604,"77,6128"
6844,88.38,"6 841,5 RUB",2022-01-28 16:42:31.728650,"77,6200"
6844,88.04,"6 825,0 RUB",2022-01-28 16:47:39.270946,"77,5576"
6839,88.10,"6 827,0 RUB",2022-01-28 16:52:52.007769,"77,5924"
6839,88.16,"6 833,0 RUB",2022-01-28 16:57:59.327271,"77,6182"
6839,87.98,"6 823,0 RUB",2022-01-28 17:03:08.552110,"77,6452"
6837,87.96,"6 815,0 RUB",2022-01-28 17:08:17.086154,"77,7130"
6837,88.06,"6 824,0 RUB",2022-01-28 17:13:26.540001,"77,7136"
6837,88.08,"6 821,0 RUB",2022-01-28 17:18:44.143566,"77,7955"
6837,87.86,"6 823,0 RUB",2022-01-28 17:23:52.650360,"77,8093"
6837,87.90,"6 826,0 RUB",2022-01-28 17:28:59.922477,"77,7184"
6837,87.88,"6 847,5 RUB",2022-01-28 17:34:05.493148,"77,7600"
6846,87.92,"6 863,5 RUB",2022-01-28 17:39:12.263994,"77,8004"
6879,87.98,"6 815,0 RUB",2022-01-31 12:55:14.177450,"77,4282"
6879,88.06,"6 821,5 RUB",2022-01-31 13:00:19.625662,"77,4452"
6879,88.06,"6 818,5 RUB",2022-01-31 13:07:47.969804,"77,4482"
6879,88.06,"6 826,0 RUB",2022-01-31 13:12:53.880977,"77,5723"
6830,87.90,"6 820,5 RUB",2022-01-31 13:46:36.227134,"77,6100"
6830,87.90,"6 817,0 RUB",2022-01-31 13:51:43.301214,"77,5916"
6830,88.04,"6 817,5 RUB",2022-01-31 13:56:56.692539,"77,5588"
6830,87.88,"6 819,5 RUB",2022-01-31 14:02:09.471632,"77,5330"
6829,88.06,"6 826,5 RUB",2022-01-31 14:07:24.489254,"77,5536"
6829,87.88,"6 816,5 RUB",2022-01-31 14:12:33.823379,"77,5556"
6829,87.92,"6 817,0 RUB",2022-01-31 14:17:41.532254,"77,5468"
6824,87.86,"6 811,5 RUB",2022-01-31 14:22:50.019781,"77,5571"
6824,87.76,"6 806,0 RUB",2022-01-31 14:27:58.378331,"77,5470"
6824,87.72,"6 804,0 RUB",2022-01-31 14:33:11.139673,"77,6313"
6814,87.54,"6 787,5 RUB",2022-01-31 14:38:20.595247,"77,6297"
6814,87.44,"6 792,5 RUB",2022-01-31 14:43:28.022095,"77,5890"
6814,87.44,"6 790,0 RUB",2022-01-31 14:48:34.076286,"77,6213"
6802,87.58,"6 800,5 RUB",2022-01-31 14:53:44.403825,"77,6393"
6802,87.60,"6 801,5 RUB",2022-01-31 14:58:51.914446,"77,6616"
6802,87.62,"6 805,0 RUB",2022-01-31 15:04:02.038470,"77,8296"
6805,87.50,"6 796,5 RUB",2022-01-31 15:09:08.529160,"77,7370"
6805,87.50,"6 797,0 RUB",2022-01-31 15:14:13.652430,"77,7369"
6805,87.26,"6 789,5 RUB",2022-01-31 15:19:19.017844,"77,6881"
6805,87.40,"6 796,0 RUB",2022-01-31 15:24:25.534381,"77,6806"
6805,87.44,"6 798,0 RUB",2022-01-31 15:29:33.295255,"77,6989"
6805,87.58,"6 804,5 RUB",2022-01-31 15:34:43.216966,"77,6500"
6807,87.68,"6 811,0 RUB",2022-01-31 15:39:48.546587,"77,6207"
6807,87.92,"6 833,0 RUB",2022-01-31 15:44:54.035631,"77,6188"
6849,88.34,"6 851,0 RUB",2022-01-31 15:50:00.002074,"77,6665"
6849,88.30,"6 846,0 RUB",2022-01-31 15:55:06.843710,"77,7375"
6849,88.14,"6 840,0 RUB",2022-01-31 16:00:13.233904,"77,7370"
6855,88.08,"6 839,0 RUB",2022-01-31 16:05:33.639216,"77,7239"
6855,88.04,"6 834,0 RUB",2022-01-31 16:10:39.157372,"77,7426"
6855,88.04,"6 834,5 RUB",2022-01-31 16:15:44.870158,"77,7675"
6855,88.02,"6 836,5 RUB",2022-01-31 16:20:50.735960,"77,6608"
6849,87.92,"6 837,5 RUB",2022-01-31 16:25:56.985435,"77,6711"
6849,87.92,"6 829,5 RUB",2022-01-31 16:31:09.380387,"77,6419"
6845,88.04,"6 834,5 RUB",2022-01-31 16:36:16.134760,"77,5562"
6845,87.92,"6 823,0 RUB",2022-01-31 16:41:23.162387,"77,5694"
6880,90.04,"6 934,0 RUB",2022-02-01 11:27:29.199205,"77,0800"
6880,90.20,"6 945,0 RUB",2022-02-01 11:32:36.652484,"77,0781"
6880,90.20,"6 943,0 RUB",2022-02-01 11:37:44.953049,"77,1590"
6880,90.12,"6 946,0 RUB",2022-02-01 11:42:52.421554,"77,1292"
6880,90.12,"6 945,0 RUB",2022-02-01 11:48:05.820420,"77,0743"
6880,89.86,"6 928,0 RUB",2022-02-01 11:53:14.039578,"77,0628"
6880,90.02,"6 936,0 RUB",2022-02-01 11:58:21.215724,"77,0186"
6880,90.24,"6 948,0 RUB",2022-02-01 12:03:26.536677,"76,8796"
6880,90.10,"6 937,0 RUB",2022-02-01 12:08:32.351119,"76,9097"
6880,90.28,"6 949,0 RUB",2022-02-01 12:13:38.474428,"76,8861"
6880,90.62,"6 960,0 RUB",2022-02-01 12:18:44.224057,"77,0213"
6880,90.30,"6 944,5 RUB",2022-02-01 12:23:49.989038,"76,9776"
6880,90.26,"6 939,5 RUB",2022-02-01 12:28:56.629393,"76,9827"
6880,90.10,"6 932,0 RUB",2022-02-01 12:34:02.701201,"77,0168"
6880,90.22,"6 942,5 RUB",2022-02-01 12:39:08.424954,"77,0148"
6880,90.18,"6 941,0 RUB",2022-02-01 12:44:15.585618,"77,0140"
6880,90.18,"6 937,0 RUB",2022-02-01 12:49:21.545036,"77,0328"
6880,90.20,"6 941,0 RUB",2022-02-01 12:54:28.049225,"76,9713"
6880,90.18,"6 941,5 RUB",2022-02-01 12:59:33.950257,"77,0215"
6880,90.16,"6 935,0 RUB",2022-02-01 13:04:39.647814,"77,0211"
6880,90.12,"6 926,5 RUB",2022-02-01 13:09:46.764022,"77,0161"
6880,90.14,"6 935,0 RUB",2022-02-01 13:14:59.140144,"77,0129"
6880,90.16,"6 940,0 RUB",2022-02-01 13:20:06.570074,"76,9733"
6880,90.12,"6 935,5 RUB",2022-02-01 13:25:14.533581,"76,9562"
6880,90.58,"6 952,0 RUB",2022-02-01 13:49:31.956921,"76,7539"
6880,90.64,"6 956,5 RUB",2022-02-01 13:56:50.029163,"76,6998"
6880,90.58,"6 951,5 RUB",2022-02-01 14:01:59.879976,"76,6929"
6880,90.74,"6 952,5 RUB",2022-02-01 16:03:34.944393,"76,6486"
6880,90.76,"6 955,5 RUB",2022-02-01 16:08:48.205839,"76,6605"
6880,91.12,"6 968,5 RUB",2022-02-01 16:13:53.524868,"76,7275"
6880,91.20,"6 990,0 RUB",2022-02-01 16:19:00.792477,"76,6859"
6880,91.12,"6 987,0 RUB",2022-02-01 16:24:08.024821,"76,6776"
6880,90.96,"6 978,0 RUB",2022-02-01 16:29:19.113939,"76,6813"
6880,90.96,"6 978,0 RUB",2022-02-01 16:34:25.337124,"76,6881"
6880,90.90,"6 969,5 RUB",2022-02-01 16:39:34.700907,"76,6728"
6880,90.90,"6 967,5 RUB",2022-02-01 16:44:42.656042,"76,7174"
6880,90.90,"6 968,0 RUB",2022-02-01 16:49:49.462704,"76,6800"
6880,90.80,"6 966,5 RUB",2022-02-01 16:54:56.943481,"76,6654"
6880,90.94,"6 973,0 RUB",2022-02-01 17:00:06.472200,"76,6443"
6880,90.78,"6 962,0 RUB",2022-02-01 17:05:16.930558,"76,6120"
6880,91.08,"6 975,5 RUB",2022-02-01 17:10:24.091633,"76,5846"
6880,91.06,"6 975,0 RUB",2022-02-01 17:15:30.834013,"76,5918"
6993,91.24,"6 999,5 RUB",2022-02-03 11:28:37.537800,"76,6160"
6993,91.44,"7 011,0 RUB",2022-02-03 11:33:44.479159,"76,6323"
6869,89.80,"6 869,0 RUB",2022-02-03 13:58:43.793819,"76,4136"
6869,89.80,"6 873,0 RUB",2022-02-03 14:03:53.678109,"76,4017"
6870,89.94,"6 874,0 RUB",2022-02-03 14:09:00.268802,"76,4692"
6870,90.28,"6 901,0 RUB",2022-02-03 14:14:05.496271,"76,4506"
6870,90.26,"6 890,0 RUB",2022-02-03 14:19:10.546910,"76,4473"
6901,90.04,"6 883,5 RUB",2022-02-03 14:24:18.206917,"76,4230"
6901,89.96,"6 873,0 RUB",2022-02-03 14:29:23.632020,"76,4703"
6901,89.92,"6 872,0 RUB",2022-02-03 14:34:32.470762,"76,4647"
6886,89.84,"6 865,5 RUB",2022-02-03 14:39:38.955009,"76,4731"
6886,89.74,"6 864,0 RUB",2022-02-03 14:44:46.153653,"76,5008"
6886,89.76,"6 860,0 RUB",2022-02-03 14:49:55.490881,"76,3412"
6877,89.68,"6 858,0 RUB",2022-02-03 14:55:07.332203,"76,3332"
6877,89.86,"6 865,0 RUB",2022-02-03 15:00:13.546313,"76,3809"
6877,90.06,"6 873,5 RUB",2022-02-03 15:05:22.984604,"76,3491"
6869,90.04,"6 874,5 RUB",2022-02-03 15:10:29.161156,"76,3666"
6869,90.16,"6 881,5 RUB",2022-02-03 15:15:36.275422,"76,3085"
6869,90.08,"6 876,5 RUB",2022-02-03 15:20:42.213005,"76,3257"
6884,89.98,"6 873,0 RUB",2022-02-03 15:25:48.464085,"76,3310"
6884,90.14,"6 885,0 RUB",2022-02-03 15:30:55.109548,"76,3511"
6884,90.18,"6 880,0 RUB",2022-02-03 15:36:02.110416,"76,3278"
6884,90.14,"6 880,0 RUB",2022-02-03 15:41:09.112249,"76,2589"
6884,90.14,"6 882,5 RUB",2022-02-03 15:46:16.479529,"76,2627"
6887,90.30,"6 884,5 RUB",2022-02-03 15:51:22.292389,"76,2456"
6887,90.30,"6 880,0 RUB",2022-02-03 15:56:27.922095,"76,3445"
6887,90.32,"6 887,5 RUB",2022-02-03 16:01:40.714788,"76,3837"
6892,90.30,"6 894,0 RUB",2022-02-03 16:08:18.174169,"76,4161"
6892,90.02,"6 876,0 RUB",2022-02-03 16:13:24.766692,"76,4249"
6892,90.00,"6 871,5 RUB",2022-02-03 16:18:30.008714,"76,3727"
6884,89.98,"6 880,0 RUB",2022-02-03 16:23:35.871856,"76,3834"
6884,90.00,"6 875,0 RUB",2022-02-03 16:28:42.526260,"76,3030"
6884,89.82,"6 860,0 RUB",2022-02-03 16:33:48.301110,"76,2866"
6873,89.96,"6 863,0 RUB",2022-02-03 16:38:56.172905,"76,3682"
6873,89.84,"6 852,0 RUB",2022-02-03 16:44:02.179389,"76,3647"
6873,89.66,"6 839,0 RUB",2022-02-03 16:49:08.113411,"76,2297"
6864,89.30,"6 825,0 RUB",2022-02-03 16:54:13.635604,"76,2414"
7095,93.22,"7 088,0 RUB",2022-02-04 15:26:14.385766,"75,9698"
7095,93.22,"7 090,5 RUB",2022-02-04 12:31:22.046564,"75,9984"
7099,93.50,"7 097,5 RUB",2022-02-04 12:36:28.958554,"75,9570"
7099,93.46,"7 093,0 RUB",2022-02-04 12:41:36.359295,"75,9343"
7099,93.44,"7 096,0 RUB",2022-02-04 12:46:43.833008,"75,9616"
7102,93.38,"7 085,0 RUB",2022-02-04 12:51:50.815101,"75,8654"
7102,93.40,"7 087,0 RUB",2022-02-04 12:56:59.755662,"75,7978"
7102,93.52,"7 093,5 RUB",2022-02-04 13:02:07.422253,"75,8344"
7102,93.72,"7 097,0 RUB",2022-02-04 13:07:14.297548,"75,8463"
7102,93.82,"7 101,0 RUB",2022-02-04 13:12:19.868188,"75,8825"
7102,93.78,"7 106,0 RUB",2022-02-04 13:17:25.344655,"75,9014"
7105,93.70,"7 100,5 RUB",2022-02-04 13:22:31.973481,"75,8787"
7105,93.70,"7 101,0 RUB",2022-02-04 13:27:39.950940,"75,8553"
7105,93.30,"7 074,0 RUB",2022-02-04 13:32:50.959414,"75,8820"
7092,93.52,"7 089,0 RUB",2022-02-04 13:37:57.401701,"75,8582"
6951,93.00,"6 943,5 RUB",2022-02-09 16:41:05.085018,"74,7522"
6951,92.86,"6 929,5 RUB",2022-02-09 16:46:10.791939,"74,7230"
6946,92.80,"6 926,5 RUB",2022-02-09 16:51:16.762233,"74,7243"
6946,92.72,"6 920,5 RUB",2022-02-09 16:56:23.131042,"74,7383"
6946,92.72,"6 918,5 RUB",2022-02-09 17:01:29.327120,"74,7327"
6936,92.80,"6 924,5 RUB",2022-02-09 17:06:35.680578,"74,7461"
6936,92.72,"6 923,0 RUB",2022-02-09 17:11:43.596185,"74,7812"
6936,92.86,"6 937,0 RUB",2022-02-09 17:16:51.836058,"74,7920"
6936,92.88,"6 939,0 RUB",2022-02-09 17:22:06.959350,"74,7890"
6936,93.06,"6 952,5 RUB",2022-02-09 17:27:13.066564,"74,7730"
6936,93.08,"6 952,5 RUB",2022-02-09 17:32:24.859701,"74,7692"
6936,93.14,"6 959,0 RUB",2022-02-09 17:37:41.244629,"74,7751"
6936,93.06,"6 953,0 RUB",2022-02-09 17:42:48.857298,"74,7715"
6936,93.06,"6 949,0 RUB",2022-02-09 17:47:58.053165,"74,7771"
6956,93.04,"6 945,5 RUB",2022-02-09 17:53:03.755375,"74,7876"
6956,93.04,"6 944,0 RUB",2022-02-09 17:58:09.767092,"74,7692"
6956,93.10,"6 949,0 RUB",2022-02-09 18:03:15.039139,"74,7324"
6956,93.12,"6 954,0 RUB",2022-02-09 18:08:21.060720,"74,6941"
6956,93.10,"6 952,0 RUB",2022-02-09 18:13:29.007108,"74,6977"
6956,93.10,"6 946,0 RUB",2022-02-09 18:18:36.232873,"74,6840"
6956,93.26,"6 953,0 RUB",2022-02-09 18:23:44.685875,"74,6806"
6956,93.38,"6 966,0 RUB",2022-02-09 18:30:16.597015,"74,6846"
6956,93.46,"6 977,0 RUB",2022-02-09 18:35:24.755355,"74,6890"
6956,93.42,"6 972,5 RUB",2022-02-09 18:40:31.134451,"74,6817"
6977,92.78,"6 938,0 RUB",2022-02-10 14:20:46.616112,"74,7411"
6977,92.72,"6 934,0 RUB",2022-02-10 11:25:55.315520,"74,7705"
6977,92.86,"6 938,5 RUB",2022-02-10 11:31:01.517190,"74,8119"
6977,92.52,"6 925,5 RUB",2022-02-10 11:36:09.403317,"74,7918"
6977,92.38,"6 911,0 RUB",2022-02-10 11:41:17.673798,"74,7463"
6977,92.20,"6 908,0 RUB",2022-02-10 11:46:23.820176,"74,7142"
6977,92.28,"6 904,0 RUB",2022-02-10 11:51:29.847086,"74,7143"
6977,92.34,"6 906,0 RUB",2022-02-10 11:56:41.287534,"74,7212"
6977,92.36,"6 905,0 RUB",2022-02-10 12:01:48.879985,"74,7218"
6977,92.66,"6 923,0 RUB",2022-02-10 12:07:01.219823,"74,6911"
6977,92.80,"6 935,0 RUB",2022-02-10 12:12:18.269072,"74,6987"
6977,92.78,"6 932,5 RUB",2022-02-10 12:17:25.511695,"74,6630"
6977,92.86,"6 936,0 RUB",2022-02-10 12:22:32.893433,"74,6672"
6936,93.32,"6 971,5 RUB",2022-02-10 14:42:31.408142,"74,7025"
6936,93.30,"6 963,5 RUB",2022-02-10 14:47:37.915430,"74,6839"
6936,93.32,"6 969,0 RUB",2022-02-10 14:52:45.378366,"74,5797"
6936,93.30,"6 967,5 RUB",2022-02-10 14:57:55.465753,"74,5823"
6936,93.46,"6 971,5 RUB",2022-02-10 15:03:01.180795,"74,5650"
6936,94.38,"7 013,0 RUB",2022-02-10 16:24:52.754530,"74,4853"
6936,94.14,"7 007,5 RUB",2022-02-10 16:30:01.097301,"74,6685"
6936,93.96,"6 992,0 RUB",2022-02-10 16:35:10.539703,"74,6606"
6936,94.14,"7 011,5 RUB",2022-02-10 16:40:16.514263,"74,6559"
6936,93.96,"7 013,5 RUB",2022-02-10 16:45:21.816889,"74,5805"
6936,93.76,"6 998,0 RUB",2022-02-10 16:50:27.679799,"74,6693"
6936,93.74,"6 994,5 RUB",2022-02-10 16:55:38.761682,"74,6693"
6936,93.68,"6 986,5 RUB",2022-02-10 17:00:44.382068,"74,7110"
6936,93.64,"6 991,5 RUB",2022-02-10 17:05:52.851594,"74,7955"
6936,93.56,"6 985,0 RUB",2022-02-10 17:10:58.694636,"74,7867"
6936,93.64,"6 997,0 RUB",2022-02-10 17:16:04.645746,"74,7201"
6936,93.58,"6 984,0 RUB",2022-02-10 17:21:10.209172,"74,6451"
6936,93.46,"6 984,0 RUB",2022-02-10 17:26:16.961558,"74,5870"
6936,93.72,"6 991,5 RUB",2022-02-10 17:31:22.578223,"74,5890"
6936,94.08,"7 017,0 RUB",2022-02-10 17:36:29.566807,"74,6123"
6918,92.34,"6 918,5 RUB",2022-02-11 11:04:41.374132,"74,8827"
6918,92.66,"6 932,0 RUB",2022-02-11 11:09:49.163301,"74,8799"
6918,92.74,"6 938,5 RUB",2022-02-11 11:15:00.701064,"74,8964"
6942,92.42,"6 918,0 RUB",2022-02-11 11:20:09.042192,"74,9271"
6942,92.38,"6 923,5 RUB",2022-02-11 11:25:16.183569,"74,9776"
6942,92.32,"6 919,0 RUB",2022-02-11 11:30:25.334186,"75,0480"
6923,92.12,"6 907,0 RUB",2022-02-11 11:35:33.019289,"75,0261"
6888,91.90,"6 891,5 RUB",2022-02-11 11:59:59.545751,"75,0523"
6895,91.70,"6 895,0 RUB",2022-02-11 12:05:06.619687,"75,0177"
6895,91.38,"6 869,0 RUB",2022-02-11 12:10:13.874887,"75,0391"
6895,91.52,"6 870,0 RUB",2022-02-11 12:15:19.226830,"75,0998"
6877,91.56,"6 865,5 RUB",2022-02-11 12:20:24.706923,"75,1813"
6877,91.52,"6 868,0 RUB",2022-02-11 12:25:31.198382,"75,2392"
6663,87.10,"6 664,5 RUB",2022-02-14 11:28:33.414270,"76,9100"
6671,86.72,"6 665,5 RUB",2022-02-14 11:33:53.743053,"76,9009"
6671,86.54,"6 650,0 RUB",2022-02-14 11:39:01.140979,"76,9413"
6671,86.52,"6 650,5 RUB",2022-02-14 11:44:06.519635,"77,0542"
6656,86.34,"6 645,0 RUB",2022-02-14 11:49:12.219083,"77,0605"
6656,85.70,"6 609,0 RUB",2022-02-14 11:54:17.698516,"77,1483"
6656,85.72,"6 600,0 RUB",2022-02-14 11:59:24.072768,"77,1353"
6609,85.98,"6 618,0 RUB",2022-02-14 12:04:30.131707,"77,1621"
6609,86.28,"6 648,0 RUB",2022-02-14 12:09:38.117106,"77,1486"
6609,86.38,"6 663,0 RUB",2022-02-14 12:14:44.163673,"77,1498"
6673,86.70,"6 689,0 RUB",2022-02-14 12:19:49.977811,"77,0623"
6673,86.84,"6 700,0 RUB",2022-02-14 12:24:55.554271,"77,1399"
6673,87.16,"6 725,0 RUB",2022-02-14 12:30:00.771787,"77,2268"
6731,87.14,"6 723,0 RUB",2022-02-14 12:35:07.596845,"77,0570"
6731,86.72,"6 700,0 RUB",2022-02-14 12:40:16.135903,"77,1370"
6731,86.48,"6 680,0 RUB",2022-02-14 12:45:26.818004,"77,2565"
6684,86.50,"6 667,5 RUB",2022-02-14 12:50:35.846357,"77,2339"
6684,86.14,"6 645,0 RUB",2022-02-14 12:55:42.760665,"77,2267"
6684,85.76,"6 631,0 RUB",2022-02-14 13:00:49.087791,"77,2148"
6646,86.14,"6 653,5 RUB",2022-02-14 13:05:55.586652,"77,2462"
6646,86.44,"6 680,0 RUB",2022-02-14 13:11:02.349983,"77,2204"
6646,86.56,"6 677,5 RUB",2022-02-14 13:16:07.916641,"77,1481"
6682,86.18,"6 664,0 RUB",2022-02-14 13:21:14.267722,"77,1597"
6682,86.56,"6 686,5 RUB",2022-02-14 13:26:19.605467,"76,6717"
6682,86.74,"6 690,5 RUB",2022-02-14 13:31:26.878464,"76,6917"
6695,86.78,"6 685,0 RUB",2022-02-14 13:36:33.223404,"76,7740"
6695,87.06,"6 668,5 RUB",2022-02-14 13:41:39.785161,"76,8789"
6695,86.98,"6 665,5 RUB",2022-02-14 13:46:46.170550,"76,9775"
6673,86.68,"6 669,0 RUB",2022-02-14 13:51:52.264304,"76,9934"
6673,86.66,"6 661,0 RUB",2022-02-14 13:56:57.773025,"76,9991"
6673,86.52,"6 660,5 RUB",2022-02-14 14:02:05.075693,"76,9319"
6665,86.26,"6 648,5 RUB",2022-02-14 14:07:10.864701,"77,0984"
6665,86.42,"6 651,0 RUB",2022-02-14 14:12:18.118773,"77,1081"
6665,86.32,"6 647,5 RUB",2022-02-14 14:17:24.556140,"77,1375"
6656,86.76,"6 687,0 RUB",2022-02-14 14:22:30.851551,"77,1243"
6750,89.86,"6 838,5 RUB",2022-02-14 15:45:04.337704,"76,3446"
7009,92.64,"6 995,0 RUB",2022-02-15 12:22:52.293484,"75,4890"
7009,92.86,"6 998,0 RUB",2022-02-15 12:28:03.759144,"75,4608"
7009,92.96,"7 011,5 RUB",2022-02-15 12:33:15.174410,"75,4901"
7009,92.94,"7 017,0 RUB",2022-02-15 12:38:21.152241,"75,5480"
7009,93.04,"7 019,0 RUB",2022-02-15 12:43:26.410781,"75,5145"
7020,92.62,"6 991,5 RUB",2022-02-15 12:48:32.492242,"75,4413"
7020,92.88,"7 012,0 RUB",2022-02-15 12:53:38.758025,"75,4525"
7020,92.96,"7 023,0 RUB",2022-02-15 12:58:45.387338,"75,4013"
7027,93.30,"7 030,0 RUB",2022-02-15 13:04:01.309610,"75,4473"
7027,93.02,"7 018,5 RUB",2022-02-15 13:09:07.217483,"75,5038"
7027,93.22,"7 030,0 RUB",2022-02-15 13:14:13.147243,"75,7067"
7027,93.20,"7 034,5 RUB",2022-02-15 13:19:18.492878,"75,5920"
7027,92.52,"6 998,5 RUB",2022-02-15 13:24:24.102992,"75,7114"
7027,92.54,"7 000,5 RUB",2022-02-15 13:29:29.483655,"75,7086"
7002,92.74,"7 004,0 RUB",2022-02-15 13:34:35.328049,"75,7139"
7002,92.58,"7 006,5 RUB",2022-02-15 13:39:42.282126,"75,7681"
7002,92.56,"7 008,5 RUB",2022-02-15 13:44:48.186982,"75,7608"
7011,92.52,"7 003,0 RUB",2022-02-15 13:49:53.965084,"75,8082"
7011,92.48,"7 002,5 RUB",2022-02-15 13:55:01.832255,"75,7382"
7011,92.70,"7 011,0 RUB",2022-02-15 14:00:10.319168,"75,7362"
7012,92.60,"7 019,0 RUB",2022-02-15 14:05:15.666339,"75,5818"
7012,92.80,"7 028,0 RUB",2022-02-15 14:10:21.556535,"75,5627"
7012,93.06,"7 040,0 RUB",2022-02-15 14:15:27.041961,"75,5567"
7030,93.08,"7 028,0 RUB",2022-02-15 14:20:32.598020,"75,5334"
7030,93.06,"7 031,5 RUB",2022-02-15 14:25:38.254736,"75,4719"
7030,93.18,"7 036,5 RUB",2022-02-15 14:30:45.811968,"75,4221"
7030,93.28,"7 043,5 RUB",2022-02-15 14:35:53.875536,"75,4840"
7030,93.00,"7 021,0 RUB",2022-02-15 14:40:59.984713,"75,4243"
7030,93.14,"7 025,5 RUB",2022-02-15 14:46:09.542098,"75,4595"
7027,93.10,"7 027,0 RUB",2022-02-15 14:51:14.358226,"75,4186"
7027,93.16,"7 024,5 RUB",2022-02-15 15:02:09.328754,"75,4199"
7027,93.00,"7 021,0 RUB",2022-02-15 15:07:15.563971,"75,2609"
7027,93.32,"7 036,0 RUB",2022-02-15 15:12:23.566048,"75,2389"
7027,93.40,"7 028,5 RUB",2022-02-15 15:17:30.277354,"75,1935"
7032,93.40,"7 024,0 RUB",2022-02-15 15:22:35.844647,"75,1815"
7032,93.36,"7 016,0 RUB",2022-02-15 15:27:40.945829,"75,1837"
7032,93.36,"7 018,0 RUB",2022-02-15 15:32:47.319579,"75,1308"
7032,93.34,"7 014,0 RUB",2022-02-15 15:37:54.768983,"75,1473"
7032,93.32,"7 008,0 RUB",2022-02-15 15:43:00.986476,"75,3188"
7032,93.44,"7 018,0 RUB",2022-02-15 15:48:06.874610,"75,3500"
7032,93.40,"7 019,5 RUB",2022-02-15 15:53:12.975045,"75,3183"
7032,93.24,"7 022,0 RUB",2022-02-15 15:58:18.447639,"75,3738"
7032,93.20,"7 017,5 RUB",2022-02-15 16:03:24.784380,"75,4490"
7019,93.22,"7 015,0 RUB",2022-02-15 16:08:31.373590,"75,4546"
7019,93.14,"7 011,0 RUB",2022-02-15 16:13:44.802759,"75,5080"
7022,93.10,"7 013,5 RUB",2022-02-15 16:18:51.875596,"75,5818"
7022,93.18,"7 023,0 RUB",2022-02-15 16:24:02.543277,"75,5923"
7022,93.06,"7 023,0 RUB",2022-02-15 16:29:11.594384,"75,5978"
7022,93.10,"7 035,0 RUB",2022-02-15 16:34:18.191496,"75,6265"
7028,93.22,"7 042,0 RUB",2022-02-15 16:39:23.872899,"75,5985"
7028,93.04,"7 038,0 RUB",2022-02-15 16:44:28.943451,"75,5980"
7038,93.32,"7 050,5 RUB",2022-02-15 16:49:38.977741,"75,7064"
7038,93.40,"7 051,5 RUB",2022-02-15 16:54:44.899327,"75,6384"
7038,93.36,"7 058,0 RUB",2022-02-15 16:59:50.508628,"75,6720"
7042,93.56,"7 069,5 RUB",2022-02-15 17:05:01.616846,"75,8082"
7042,93.48,"7 069,5 RUB",2022-02-15 17:10:08.787399,"75,8127"
7042,93.44,"7 067,5 RUB",2022-02-15 17:15:14.956320,"75,9501"
7042,93.34,"7 073,5 RUB",2022-02-15 17:20:21.684174,"75,6737"
7042,93.34,"7 054,5 RUB",2022-02-15 17:25:27.595917,"75,6635"
7042,93.26,"7 039,0 RUB",2022-02-15 17:30:34.104314,"75,7717"
7042,93.20,"7 041,5 RUB",2022-02-15 17:35:40.695283,"75,7403"
7042,93.12,"7 034,5 RUB",2022-02-15 17:40:45.962458,"75,8469"
7042,93.24,"7 055,5 RUB",2022-02-15 17:45:52.452968,"75,8962"
7050,93.00,"7 045,0 RUB",2022-02-15 17:50:59.251873,"75,8810"
7050,93.10,"7 030,0 RUB",2022-02-15 17:56:06.061676,"75,8723"
7050,93.40,"7 009,5 RUB",2022-02-15 18:01:11.377158,"75,9185"
7020,92.30,"6 995,0 RUB",2022-02-15 18:06:21.576642,"75,8567"
7020,93.00,"6 975,5 RUB",2022-02-15 18:11:28.536656,"75,8288"
7020,93.20,"6 977,0 RUB",2022-02-15 18:16:36.378640,"75,7350"
6997,91.86,"6 966,0 RUB",2022-02-15 18:21:42.734073,"75,7224"
6997,93.20,"6 956,5 RUB",2022-02-15 18:26:51.518711,"75,7060"
6997,92.96,"6 970,5 RUB",2022-02-15 18:31:57.754639,"75,6177"
6997,92.62,"6 985,0 RUB",2022-02-15 18:37:03.423052,"75,7039"
6970,92.76,"6 969,0 RUB",2022-02-16 11:08:25.104980,"74,9043"
6970,92.84,"6 966,0 RUB",2022-02-16 11:13:30.662718,"74,9416"
6983,93.36,"6 995,0 RUB",2022-02-16 11:18:37.636981,"74,9771"
6983,93.04,"6 981,0 RUB",2022-02-16 11:23:43.612363,"74,9665"
6983,93.16,"6 977,5 RUB",2022-02-16 11:28:49.813065,"74,9708"
6987,93.06,"6 977,0 RUB",2022-02-16 11:33:58.634956,"74,9223"
6987,93.20,"6 987,5 RUB",2022-02-16 11:39:09.665690,"74,9250"
6987,93.00,"6 967,5 RUB",2022-02-16 11:44:16.591155,"74,9567"
6983,93.30,"6 990,5 RUB",2022-02-16 11:49:22.656344,"74,9741"
6983,93.28,"6 988,0 RUB",2022-02-16 11:54:29.884238,"75,0713"
6983,93.26,"6 993,0 RUB",2022-02-16 11:59:38.477782,"75,0565"
6999,93.22,"6 989,5 RUB",2022-02-16 12:04:48.029093,"75,2087"
6999,92.84,"6 968,0 RUB",2022-02-16 12:09:59.795515,"75,1536"
6999,92.40,"6 958,0 RUB",2022-02-16 12:15:08.441062,"75,0651"
6960,92.48,"6 952,0 RUB",2022-02-16 12:20:14.755655,"75,0841"
6960,92.54,"6 958,0 RUB",2022-02-16 12:25:20.829373,"75,1178"
6960,92.74,"6 966,0 RUB",2022-02-16 12:30:27.748341,"75,0723"
6964,92.56,"6 951,0 RUB",2022-02-16 12:35:33.626122,"75,0756"
6964,92.58,"6 957,0 RUB",2022-02-16 12:40:39.633328,"75,1918"
6964,92.54,"6 952,0 RUB",2022-02-16 12:45:47.018999,"75,1749"
6959,92.60,"6 958,0 RUB",2022-02-16 12:50:53.582900,"75,1411"
6959,92.52,"6 962,0 RUB",2022-02-16 12:56:01.028977,"75,1354"
6959,92.08,"6 923,5 RUB",2022-02-16 13:01:08.048849,"75,0628"
6932,92.28,"6 936,0 RUB",2022-02-16 13:06:21.845520,"75,1204"
6932,92.32,"6 935,5 RUB",2022-02-16 13:11:28.060618,"75,0983"
6932,92.32,"6 934,5 RUB",2022-02-16 13:16:35.083324,"75,0808"
6941,92.18,"6 925,0 RUB",2022-02-16 13:21:44.519706,"75,0722"
6941,91.98,"6 912,5 RUB",2022-02-16 13:26:51.437194,"75,0660"
6941,92.10,"6 916,0 RUB",2022-02-16 13:31:56.802612,"75,0688"
6925,92.16,"6 920,5 RUB",2022-02-16 13:37:02.500455,"75,0043"
6925,92.36,"6 939,5 RUB",2022-02-16 13:42:09.255354,"74,9940"
6925,92.46,"6 940,0 RUB",2022-02-16 13:47:14.330910,"74,9331"
6942,92.76,"6 960,0 RUB",2022-02-16 13:52:20.870867,"75,0020"
6942,92.80,"6 964,0 RUB",2022-02-16 13:57:29.242309,"75,0204"
6942,92.82,"6 960,5 RUB",2022-02-16 14:02:38.027565,"75,0417"
6964,92.94,"6 975,5 RUB",2022-02-16 14:07:45.952028,"75,0590"
6964,92.88,"6 972,5 RUB",2022-02-16 14:12:52.050758,"75,0573"
6964,93.04,"6 974,5 RUB",2022-02-16 14:17:57.813268,"74,9938"
6979,92.86,"6 966,0 RUB",2022-02-16 14:23:02.927538,"74,9423"
6979,92.84,"6 963,5 RUB",2022-02-16 14:28:08.454056,"74,9753"
6979,92.92,"6 968,0 RUB",2022-02-16 14:33:15.864930,"74,9520"
6974,92.98,"6 973,0 RUB",2022-02-16 14:38:21.264318,"74,9438"
6974,93.02,"6 978,0 RUB",2022-02-16 14:43:27.251725,"74,9127"
6747,88.62,"6 704,0 RUB",2022-02-18 11:42:10.751655,"75,8366"
6747,88.28,"6 700,0 RUB",2022-02-18 11:47:17.527651,"75,8385"
6747,88.06,"6 678,0 RUB",2022-02-18 11:52:23.788467,"75,8773"
6747,87.90,"6 672,0 RUB",2022-02-18 11:57:29.693732,"75,9620"
6675,87.78,"6 664,5 RUB",2022-02-18 12:02:37.275715,"75,9351"
6675,87.60,"6 659,5 RUB",2022-02-18 12:07:43.577126,"75,9203"
6675,87.64,"6 647,0 RUB",2022-02-18 12:12:49.902720,"75,9004"
6673,87.56,"6 643,5 RUB",2022-02-18 12:17:57.595136,"75,8585"
6673,87.58,"6 644,5 RUB",2022-02-18 12:23:04.119054,"75,8544"
6673,87.66,"6 650,0 RUB",2022-02-18 12:28:10.287243,"75,8493"
6673,87.90,"6 660,0 RUB",2022-02-18 12:33:16.357646,"75,8309"
6673,87.82,"6 654,0 RUB",2022-02-18 12:38:21.914905,"75,7496"
6673,87.84,"6 654,0 RUB",2022-02-18 12:43:28.199096,"75,7684"
6673,87.96,"6 658,0 RUB",2022-02-18 12:48:34.914628,"75,7554"
6673,87.98,"6 660,5 RUB",2022-02-18 12:53:42.251567,"75,7891"
6673,88.10,"6 666,5 RUB",2022-02-18 12:58:49.081895,"75,7685"
6663,88.12,"6 663,5 RUB",2022-02-18 13:03:55.879910,"75,7730"
6663,87.90,"6 655,0 RUB",2022-02-18 13:09:02.174174,"75,7380"
6663,88.02,"6 663,0 RUB",2022-02-18 13:14:11.728747,"75,7491"
6666,88.10,"6 668,5 RUB",2022-02-18 13:19:17.719777,"75,7682"
6666,88.02,"6 662,5 RUB",2022-02-18 13:24:23.104231,"75,7496"
6666,88.04,"6 666,0 RUB",2022-02-18 13:29:29.148432,"75,7438"
6666,87.98,"6 662,5 RUB",2022-02-18 13:34:35.362291,"75,7536"
6666,88.00,"6 664,0 RUB",2022-02-18 13:39:40.871358,"75,7443"
6666,88.10,"6 666,5 RUB",2022-02-18 13:44:46.300382,"75,7545"
6666,88.02,"6 666,5 RUB",2022-02-18 13:49:52.238583,"75,7475"
6666,88.02,"6 665,0 RUB",2022-02-18 13:55:00.997918,"75,7716"
6666,87.94,"6 658,0 RUB",2022-02-18 14:00:10.547719,"75,8152"
6666,87.82,"6 657,5 RUB",2022-02-18 14:05:15.880658,"75,7802"
6666,88.08,"6 671,0 RUB",2022-02-18 14:10:24.744143,"75,8100"
6666,87.90,"6 660,0 RUB",2022-02-18 14:15:30.204648,"75,8256"
6666,88.06,"6 665,5 RUB",2022-02-18 14:20:35.544301,"75,7957"
6666,87.96,"6 669,5 RUB",2022-02-18 14:25:41.360925,"75,7741"
6666,87.88,"6 662,0 RUB",2022-02-18 14:30:48.551612,"75,7588"
6668,87.96,"6 665,0 RUB",2022-02-18 14:35:55.338110,"75,8531"
6668,88.00,"6 664,0 RUB",2022-02-18 14:41:00.971883,"75,8641"
6668,87.92,"6 658,5 RUB",2022-02-18 14:46:06.592800,"75,9059"
6668,87.60,"6 643,5 RUB",2022-02-18 14:51:15.044708,"75,8851"
6668,87.70,"6 648,5 RUB",2022-02-18 14:56:20.716281,"75,9243"
6668,87.80,"6 662,0 RUB",2022-02-18 15:01:26.502842,"75,9077"
6668,87.88,"6 664,5 RUB",2022-02-18 15:06:32.675980,"75,8615"
6668,87.80,"6 664,0 RUB",2022-02-18 15:11:38.982461,"75,8667"
6668,87.76,"6 666,5 RUB",2022-02-18 15:16:44.492368,"75,8570"
6668,87.78,"6 662,5 RUB",2022-02-18 15:21:50.354211,"75,8284"
6668,87.70,"6 649,0 RUB",2022-02-18 15:26:59.657906,"75,8845"
6668,87.70,"6 651,0 RUB",2022-02-18 15:32:09.007281,"75,7835"
6668,87.86,"6 669,0 RUB",2022-02-18 15:37:15.229632,"75,8084"
6668,87.74,"6 660,0 RUB",2022-02-18 15:42:20.394468,"75,8168"
6668,87.76,"6 651,5 RUB",2022-02-18 15:47:24.999735,"75,8429"
6665,87.82,"6 666,5 RUB",2022-02-18 15:52:35.093429,"75,8246"
6665,87.86,"6 668,0 RUB",2022-02-18 15:57:40.155734,"75,9906"
6665,87.80,"6 664,0 RUB",2022-02-18 16:02:46.902682,"76,0912"
6666,87.90,"6 666,0 RUB",2022-02-18 16:07:52.498004,"76,2143"
6666,87.08,"6 618,0 RUB",2022-02-18 16:12:57.772660,"76,2573"
6666,86.74,"6 600,0 RUB",2022-02-18 16:18:02.792118,"76,2650"
6625,86.18,"6 572,5 RUB",2022-02-18 16:23:07.923389,"76,2528"
6625,85.72,"6 545,0 RUB",2022-02-18 16:28:12.721928,"76,1571"
6625,85.56,"6 539,5 RUB",2022-02-18 16:33:23.111340,"76,1651"
6625,85.86,"6 538,5 RUB",2022-02-18 16:38:28.599251,"76,1458"
6625,86.14,"6 558,0 RUB",2022-02-18 16:43:35.126364,"76,2554"
6522,85.74,"6 534,0 RUB",2022-02-18 16:48:40.310205,"76,2374"
6522,85.82,"6 535,5 RUB",2022-02-18 16:53:45.839609,"76,1939"
6522,85.32,"6 507,0 RUB",2022-02-18 16:58:50.994245,"76,2439"
6522,85.44,"6 518,0 RUB",2022-02-18 17:03:56.105237,"76,2946"
6522,85.42,"6 520,5 RUB",2022-02-18 17:09:02.623001,"76,4033"
6522,84.94,"6 478,5 RUB",2022-02-18 17:14:08.474092,"76,3962"
6522,84.56,"6 467,0 RUB",2022-02-18 17:19:14.363594,"76,5194"
6522,84.72,"6 457,0 RUB",2022-02-18 17:24:19.144970,"76,5701"
6522,84.74,"6 482,0 RUB",2022-02-18 17:29:25.014153,"76,8487"
6522,84.72,"6 488,5 RUB",2022-02-18 17:34:30.667909,"76,7051"
6522,84.48,"6 476,5 RUB",2022-02-18 17:39:36.952238,"76,5490"
6009,72.48,"6 020,0 RUB",2022-02-23 11:03:33.791074,"79,2009"
6009,73.26,"6 020,0 RUB",2022-02-23 11:08:38.468429,"79,2150"
6009,73.60,"6 020,0 RUB",2022-02-23 11:13:43.589033,"79,2753"
6009,73.94,"6 020,0 RUB",2022-02-23 11:18:49.071335,"79,4201"
6009,74.80,"6 020,0 RUB",2022-02-23 11:23:54.077967,"79,3686"
6009,74.94,"6 020,0 RUB",2022-02-23 11:29:00.161394,"79,4202"
6009,74.96,"6 020,0 RUB",2022-02-23 11:34:06.058199,"79,4557"
6009,74.92,"6 020,0 RUB",2022-02-23 11:39:11.674322,"79,4557"
6009,74.34,"6 020,0 RUB",2022-02-23 11:44:17.025546,"79,4557"
6009,74.64,"6 020,0 RUB",2022-02-23 11:49:26.127560,"79,4557"
6009,75.12,"6 020,0 RUB",2022-02-23 11:54:32.425762,"79,4557"
6009,75.04,"6 020,0 RUB",2022-02-23 11:59:39.333811,"79,4557"
6009,75.14,"6 020,0 RUB",2022-02-23 12:04:45.857613,"79,4557"
6009,75.24,"6 020,0 RUB",2022-02-23 12:09:52.747040,"79,4557"
6009,75.10,"6 020,0 RUB",2022-02-23 12:14:58.056706,"79,4557"
6009,75.16,"6 020,0 RUB",2022-02-23 12:20:04.877588,"79,4557"
6009,74.88,"6 020,0 RUB",2022-02-23 12:25:10.566276,"79,4557"
6009,75.08,"6 020,0 RUB",2022-02-23 12:30:17.520439,"79,4557"
6009,74.94,"6 020,0 RUB",2022-02-23 12:35:23.422299,"79,4557"
6009,74.66,"6 020,0 RUB",2022-02-23 12:40:28.348073,"79,4557"
6009,74.84,"6 020,0 RUB",2022-02-23 12:45:34.428685,"79,4686"
6009,74.54,"6 020,0 RUB",2022-02-23 12:50:40.597793,"79,3574"
6009,74.58,"6 020,0 RUB",2022-02-23 12:55:45.665441,"79,4651"
6009,74.54,"6 020,0 RUB",2022-02-23 13:00:50.766548,"79,4130"
6009,74.66,"6 020,0 RUB",2022-02-23 13:05:55.696192,"79,3741"
6009,74.26,"6 020,0 RUB",2022-02-23 13:11:00.573778,"79,4273"
6009,74.26,"6 020,0 RUB",2022-02-23 13:16:05.764726,"79,3765"
6009,74.26,"6 020,0 RUB",2022-02-23 13:21:11.852418,"79,3899"
6009,74.26,"6 020,0 RUB",2022-02-23 13:26:17.149490,"79,5557"
6009,73.98,"6 020,0 RUB",2022-02-23 13:31:22.138576,"79,5484"
6009,74.50,"6 020,0 RUB",2022-02-23 13:36:27.198071,"79,6480"
6009,73.80,"6 020,0 RUB",2022-02-23 13:41:33.128497,"79,5510"
6009,73.90,"6 020,0 RUB",2022-02-23 13:46:41.764037,"79,5975"
6009,37.88,"4 065,0 RUB",2022-02-24 20:00:51.109713,"85,1090"
6010,38.81,"4 154,5 RUB",2022-02-24 17:06:01.347575,"85,1360"
6010,38.60,"3 967,0 RUB",2022-02-24 17:11:15.023658,"85,1567"
6010,37.01,"3 564,0 RUB",2022-02-24 17:16:22.888354,"85,4931"
6010,37.00,"3 785,0 RUB",2022-02-24 17:21:31.059256,"85,3019"
6010,39.38,"3 596,5 RUB",2022-02-24 17:26:45.369111,"85,2251"
6010,37.14,"3 621,5 RUB",2022-02-24 17:32:05.082043,"85,6578"
6010,38.48,"3 711,0 RUB",2022-02-24 17:37:33.523371,"85,8355"
6010,39.27,"3 630,5 RUB",2022-02-24 17:42:47.289393,"85,9220"
6010,37.99,"3 710,5 RUB",2022-02-24 17:47:57.394076,"86,3795"
6010,38.01,"3 818,5 RUB",2022-02-24 17:53:07.259274,"86,6457"
6010,40.35,"3 900,0 RUB",2022-02-24 17:58:22.311775,"86,1548"
6010,41.35,"4 126,5 RUB",2022-02-24 18:03:29.869894,"86,4017"
6010,39.10,"3 996,5 RUB",2022-02-24 18:08:38.316611,"86,7237"
6010,35.60,"3 997,0 RUB",2022-02-24 18:13:47.047115,"86,6266"
6010,35.20,"4 069,5 RUB",2022-02-24 18:19:00.552034,"86,7126"
6010,36.56,"4 149,5 RUB",2022-02-24 18:24:14.831995,"87,0110"
6010,37.93,"4 280,0 RUB",2022-02-24 18:29:23.427670,"87,7689"
6010,37.66,"3 992,5 RUB",2022-02-24 18:34:30.539187,"87,2641"
6010,37.30,"4 000,0 RUB",2022-02-24 18:39:41.157938,"86,9128"
6010,37.22,"4 000,0 RUB",2022-02-24 18:44:48.225197,"87,0393"
6010,37.19,"4 000,0 RUB",2022-02-24 18:49:58.990157,"87,0172"
6010,37.40,"4 000,0 RUB",2022-02-24 18:55:11.510993,"87,0214"
6010,38.02,"4 000,0 RUB",2022-02-24 19:00:20.140336,"86,9902"
6010,40.50,"5 175,0 RUB",2022-02-25 14:03:35.171440,"83,3732"
6010,49.94,"5 104,5 RUB",2022-02-25 11:08:47.903053,"83,3617"
6010,51.46,"5 105,0 RUB",2022-02-25 11:13:53.657778,"83,4218"
6010,54.30,"5 105,5 RUB",2022-02-25 11:19:03.857518,"83,0884"
6010,56.00,"5 147,5 RUB",2022-02-25 11:24:09.245992,"83,0840"
6010,51.00,"5 160,0 RUB",2022-02-25 11:29:14.955944,"82,5982"
6010,51.98,"5 185,0 RUB",2022-02-25 11:34:21.021452,"82,7273"
6010,52.10,"5 106,5 RUB",2022-02-25 11:39:27.309271,"82,9155"
6010,51.46,"5 066,0 RUB",2022-02-25 11:44:33.357082,"83,0596"
6010,52.08,"5 054,0 RUB",2022-02-25 11:49:38.943519,"83,1679"
6010,51.82,"5 059,5 RUB",2022-02-25 11:54:44.632461,"83,3446"
6010,52.24,"5 141,5 RUB",2022-02-25 11:59:51.645729,"82,9822"
6010,51.82,"5 135,5 RUB",2022-02-25 12:04:59.151649,"83,2408"
6010,52.06,"5 122,0 RUB",2022-02-25 12:10:06.147321,"83,1537"
6010,52.72,"5 170,0 RUB",2022-02-25 12:15:12.632675,"83,3679"
6010,52.00,"5 167,0 RUB",2022-02-25 12:20:24.517150,"83,4616"
6010,53.00,"5 134,5 RUB",2022-02-25 12:25:30.933497,"83,4094"
6010,51.78,"5 027,5 RUB",2022-02-25 12:30:36.962675,"83,4921"
6010,51.80,"5 014,5 RUB",2022-02-25 12:35:48.086622,"83,4101"
6010,52.56,"4 975,5 RUB",2022-02-25 12:40:54.587942,"83,4464"
6010,51.62,"4 964,5 RUB",2022-02-25 12:46:00.139551,"83,4834"
6010,52.02,"4 995,0 RUB",2022-02-25 12:51:07.534489,"83,5298"
6010,51.84,"4 905,5 RUB",2022-02-25 12:56:14.629726,"83,6450"
6010,51.94,"4 915,0 RUB",2022-02-25 13:01:20.071951,"83,8140"
6010,52.00,"4 977,0 RUB",2022-02-25 13:06:28.091722,"83,9309"
6010,51.92,"4 964,5 RUB",2022-02-25 13:11:32.765884,"84,0631"
6010,51.96,"4 988,5 RUB",2022-02-25 13:16:39.309365,"83,9128"
6010,52.06,"4 974,0 RUB",2022-02-25 13:21:46.262024,"83,9141"
6010,50.16,"4 942,5 RUB",2022-02-25 13:26:52.426812,"83,9594"
6010,49.92,"4 961,0 RUB",2022-02-25 13:31:57.483285,"84,0942"
6010,50.62,"4 966,0 RUB",2022-02-25 13:37:03.147916,"84,1583"
6010,52.78,"4 953,5 RUB",2022-02-25 13:42:09.542768,"84,2043"
