173.64,174.78 ,"13.405,00",2022-01-20 13:02:34.696133,"76,5003"
173.64,174.78 ,"13.405,00",2022-01-20 13:07:40.716137,"76,4713"
173.64,174.78 ,"13.405,00",2022-01-20 13:12:47.594970,"76,4626"
173.64,174.78 ,"13.405,00",2022-01-20 13:17:53.848310,"76,5160"
173.64,174.78 ,"13.446,00",2022-01-20 13:23:02.093278,"76,5043"
173.64,174.78 ,"13.447,00",2022-01-20 13:28:07.359275,"76,5327"
173.64,174.78 ,"13.407,00",2022-01-20 13:33:12.654536,"76,5020"
173.64,174.78 ,"13.407,00",2022-01-20 13:38:18.587729,"76,5242"
173.64,174.78 ,"13.400,00",2022-01-20 13:43:24.169893,"76,6046"
173.64,174.78 ,"13.400,00",2022-01-20 13:48:30.300210,"76,6628"
173.64,174.78 ,"13.402,00",2022-01-20 13:53:35.875184,"76,6962"
173.64,174.78 ,"13.294,00",2022-01-20 15:45:38.458467,"76,6343"
173.64,174.78 ,"13.268,00",2022-01-20 15:50:44.827707,"76,6289"
164.55,164.65 ,"12.600,00",2022-01-21 11:44:12.735317,"76,6478"
164.21,163.64 ,"12.572,00",2022-01-21 11:49:18.169524,"76,6617"
164.21,163.64 ,"12.549,00",2022-01-21 11:54:23.025775,"76,6958"
164.21,163.64 ,"12.555,00",2022-01-21 11:59:28.233040,"76,6710"
164.05,165.60 ,"12.615,00",2022-01-21 12:04:34.642604,"76,6418"
164.05,165.60 ,"12.692,00",2022-01-21 12:09:46.132678,"76,6503"
164.05,165.60 ,"12.681,00",2022-01-21 12:14:50.930736,"76,6037"
165.23,165.60 ,"12.596,00",2022-01-21 12:19:57.989064,"76,6173"
165.23,162.66 ,"12.500,00",2022-01-21 12:25:04.322472,"76,5562"
165.23,162.66 ,"12.544,00",2022-01-21 12:30:11.447013,"76,5710"
163.65,162.66 ,"12.544,00",2022-01-21 12:35:17.875668,"76,5481"
163.65,162.66 ,"12.565,00",2022-01-21 12:40:22.429979,"76,5325"
163.65,162.66 ,"12.527,00",2022-01-21 12:45:27.676689,"76,5408"
163.93,162.66 ,"12.588,00",2022-01-21 12:50:32.839949,"76,5538"
163.93,162.66 ,"12.586,00",2022-01-21 12:55:38.209504,"76,4778"
163.93,162.66 ,"12.586,00",2022-01-21 13:00:43.497536,"76,4700"
164.35,162.66 ,"12.558,00",2022-01-21 13:05:48.803904,"76,4610"
164.35,162.66 ,"12.556,00",2022-01-21 13:10:54.502511,"76,3995"
164.35,162.66 ,"12.552,00",2022-01-21 13:15:59.875824,"76,4585"
164.43,162.66 ,"12.565,00",2022-01-21 13:21:04.524364,"76,4760"
164.43,162.66 ,"12.559,00",2022-01-21 13:26:09.673296,"76,5319"
164.43,162.66 ,"12.539,00",2022-01-21 13:31:15.271452,"76,5252"
164.15,162.66 ,"12.547,00",2022-01-21 13:36:32.658670,"76,4960"
164.15,162.66 ,"12.549,00",2022-01-21 13:41:40.104942,"76,5319"
164.15,162.66 ,"12.560,00",2022-01-21 13:46:45.618938,"76,5574"
164.11,162.66 ,"12.560,00",2022-01-21 13:51:52.576805,"76,6146"
164.11,162.66 ,"12.560,00",2022-01-21 13:56:58.199741,"76,6537"
164.11,162.66 ,"12.556,00",2022-01-21 14:02:10.196171,"76,6927"
164.07,164.84 ,"12.666,00",2022-01-21 14:07:17.145671,"76,6882"
164.07,167.42 ,"12.818,00",2022-01-21 14:12:22.538949,"76,6693"
164.07,167.42 ,"12.560,00",2022-01-21 14:17:26.485598,"76,7083"
164.7,167.42 ,"12.839,00",2022-01-21 14:22:33.609309,"76,7645"
164.7,166.17 ,"12.839,00",2022-01-21 14:27:41.387312,"76,8891"
164.7,166.17 ,"12.825,00",2022-01-21 14:32:47.239137,"76,8551"
165.95,166.17 ,"12.736,00",2022-01-21 14:37:55.902127,"76,8096"
165.95,166.17 ,"12.748,00",2022-01-21 14:43:03.621433,"76,5876"
165.95,166.17 ,"12.747,00",2022-01-21 14:48:10.621752,"76,5406"
166.33,166.17 ,"12.779,00",2022-01-21 14:53:17.811461,"76,5982"
166.33,166.17 ,"12.778,00",2022-01-21 14:58:24.086486,"76,6216"
166.33,166.17 ,"12.780,00",2022-01-21 15:03:31.500398,"76,6168"
166.94,166.17 ,"12.750,00",2022-01-21 15:08:37.193725,"76,6398"
166.94,166.17 ,"12.772,00",2022-01-21 15:13:42.514305,"76,6302"
166.94,166.17 ,"12.720,00",2022-01-21 15:18:47.152404,"76,6285"
166.03,166.17 ,"12.745,00",2022-01-21 15:23:52.116806,"76,5364"
166.03,166.17 ,"12.773,00",2022-01-21 15:28:58.848547,"76,4790"
166.03,166.17 ,"12.773,00",2022-01-21 15:34:05.516631,"76,3745"
166.31,166.17 ,"12.773,00",2022-01-21 15:39:12.591065,"76,3120"
166.31,166.17 ,"12.770,00",2022-01-21 15:44:17.708747,"76,3620"
166.31,166.17 ,"12.694,00",2022-01-21 15:49:23.600918,"76,3724"
166.75,166.17 ,"12.677,00",2022-01-21 15:54:28.505314,"76,4235"
166.75,166.17 ,"12.677,00",2022-01-21 15:59:35.496891,"76,5195"
166.75,166.17 ,"12.644,00",2022-01-21 16:04:48.265578,"76,5050"
165.9,166.17 ,"12.690,00",2022-01-21 16:09:54.779958,"76,4818"
165.9,166.17 ,"12.687,00",2022-01-21 16:15:02.118890,"76,4770"
165.79,166.17 ,"12.702,00",2022-01-21 16:20:08.974139,"76,4498"
165.79,166.17 ,"12.702,00",2022-01-21 16:25:14.449466,"76,4509"
165.79,166.17 ,"12.702,00",2022-01-21 16:30:20.066644,"76,4879"
166.18,166.17 ,"12.680,00",2022-01-21 16:35:25.509342,"76,4851"
166.18,166.17 ,"12.680,00",2022-01-21 16:40:30.774934,"76,5960"
166.18,166.17 ,"12.650,00",2022-01-21 16:45:36.956764,"76,6359"
165.09,166.17 ,"12.589,00",2022-01-21 16:50:45.295993,"76,6274"
165.09,166.17 ,"12.626,00",2022-01-21 16:55:50.979430,"76,7253"
165.09,163.79 ,"12.626,00",2022-01-21 17:00:56.103798,"76,8169"
164.24,163.79 ,"12.575,00",2022-01-21 17:06:04.200796,"76,8413"
164.24,163.79 ,"12.575,00",2022-01-21 17:11:11.338188,"76,7708"
164.24,163.79 ,"12.560,00",2022-01-21 17:16:21.144929,"76,8326"
163.79999999999998,163.79 ,"12.588,00",2022-01-21 17:21:27.262532,"76,9267"
163.79999999999998,163.79 ,"12.593,00",2022-01-21 17:26:33.210956,"76,9673"
158.21,160.72 ,"12.470,00",2022-01-24 11:35:52.445533,"77,7333"
158.21,160.72 ,"12.448,00",2022-01-24 11:41:03.968650,"77,6938"
158.21,160.23 ,"12.451,00",2022-01-24 11:46:10.189902,"77,8585"
158.21,160.23 ,"12.401,00",2022-01-24 11:51:16.571571,"77,9944"
158.21,159.73 ,"12.404,00",2022-01-24 11:56:22.194362,"78,1858"
158.21,158.40 ,"12.345,00",2022-01-24 12:01:29.512953,"78,0871"
158.21,158.40 ,"12.345,00",2022-01-24 12:06:35.945737,"78,2516"
158.21,158.40 ,"12.345,00",2022-01-24 12:11:43.474929,"78,1803"
158.21,158.40 ,"12.345,00",2022-01-24 12:16:52.079924,"78,1475"
158.21,156.28 ,"12.207,00",2022-01-24 12:21:59.478370,"78,2737"
158.21,156.28 ,"12.202,00",2022-01-24 12:27:09.304154,"78,2250"
158.21,156.28 ,"12.200,00",2022-01-24 12:32:15.827781,"78,1838"
158.21,156.28 ,"12.221,00",2022-01-24 12:37:23.591323,"78,1381"
158.21,156.28 ,"12.221,00",2022-01-24 12:42:33.087581,"78,1187"
158.21,156.28 ,"12.221,00",2022-01-24 12:47:40.284517,"78,0843"
158.21,156.28 ,"12.200,00",2022-01-24 12:52:45.813102,"78,1810"
158.21,156.28 ,"12.200,00",2022-01-24 12:57:52.110271,"78,1528"
158.21,156.28 ,"12.221,00",2022-01-24 13:02:59.133820,"78,1189"
158.21,156.28 ,"12.260,00",2022-01-24 13:08:05.057144,"78,1580"
158.21,156.28 ,"12.200,00",2022-01-24 13:13:12.563328,"78,1827"
158.21,156.28 ,"12.116,00",2022-01-24 13:18:18.870068,"78,1824"
158.21,156.28 ,"12.116,00",2022-01-24 13:23:25.388326,"78,2234"
158.21,154.29 ,"12.053,00",2022-01-24 13:28:32.967517,"78,4419"
158.21,154.29 ,"11.998,00",2022-01-24 13:33:42.210001,"78,5261"
158.21,154.29 ,"12.061,00",2022-01-24 13:38:48.183853,"78,7602"
158.21,154.29 ,"12.061,00",2022-01-24 13:43:53.685232,"78,8390"
158.21,154.29 ,"12.061,00",2022-01-24 13:49:02.188173,"78,9172"
158.21,154.29 ,"12.130,00",2022-01-24 13:54:07.905074,"78,7804"
158.21,154.29 ,"12.142,00",2022-01-24 13:59:16.485438,"78,6376"
158.21,154.29 ,"12.188,00",2022-01-24 14:04:22.229305,"78,6276"
151.34,151.19 ,"11.912,00",2022-01-25 11:40:42.619906,"78,6907"
151.34,151.62 ,"11.912,00",2022-01-25 11:45:50.539419,"78,7148"
151.46,152.11 ,"11.968,00",2022-01-25 11:50:57.908938,"78,7322"
151.46,152.54 ,"12.012,00",2022-01-25 11:56:04.302447,"78,6630"
151.46,153.23 ,"12.062,00",2022-01-25 12:01:13.721509,"78,6327"
152.7,151.09 ,"12.062,00",2022-01-25 12:06:22.765108,"78,6045"
152.7,152.84 ,"11.954,00",2022-01-25 12:11:32.282406,"78,5187"
152.7,152.84 ,"12.022,00",2022-01-25 12:16:38.857424,"78,4871"
152.74,154.50 ,"12.022,00",2022-01-25 12:21:46.263168,"78,5716"
152.74,154.50 ,"12.145,00",2022-01-25 12:26:54.107466,"78,5784"
152.74,154.50 ,"12.145,00",2022-01-25 12:32:01.621351,"78,5278"
154.67,154.50 ,"12.106,00",2022-01-25 12:37:09.490553,"78,5264"
154.67,154.50 ,"12.017,00",2022-01-25 12:42:16.250379,"78,5330"
154.67,154.50 ,"12.017,00",2022-01-25 12:47:23.938651,"78,5796"
152.98,154.50 ,"12.017,00",2022-01-25 12:52:30.715114,"78,5708"
152.98,154.50 ,"11.983,00",2022-01-25 12:57:37.303001,"78,5563"
152.98,154.50 ,"12.034,00",2022-01-25 13:02:43.839605,"78,5942"
152.86,154.50 ,"12.034,00",2022-01-25 13:07:55.713060,"78,5620"
152.86,154.50 ,"12.020,00",2022-01-25 13:13:04.761007,"78,5749"
153.25,154.50 ,"12.020,00",2022-01-25 13:18:13.290860,"78,6313"
153.25,154.50 ,"12.020,00",2022-01-25 13:23:19.782788,"78,6347"
153.25,154.50 ,"12.020,00",2022-01-25 13:28:32.295614,"78,6411"
153.53,154.50 ,"12.020,00",2022-01-25 13:33:51.190622,"78,6668"
153.53,154.50 ,"12.120,00",2022-01-25 13:38:56.804977,"78,5341"
153.53,154.50 ,"12.147,00",2022-01-25 13:44:02.943133,"78,4565"
153.96,154.50 ,"12.147,00",2022-01-25 13:49:10.086969,"78,4873"
153.96,152.65 ,"11.950,00",2022-01-25 13:54:16.005584,"78,5747"
157.49,157.33 ,"12.431,00",2022-01-26 16:22:00.703506,"79,1276"
157.49,157.33 ,"12.592,00",2022-01-26 16:27:09.029430,"79,1088"
157.49,157.33 ,"12.613,00",2022-01-26 16:32:17.810202,"79,1298"
159.01,157.33 ,"12.613,00",2022-01-26 16:37:25.548328,"79,1353"
159.01,157.33 ,"12.564,00",2022-01-26 16:42:33.674619,"79,1127"
159.01,157.33 ,"12.564,00",2022-01-26 16:47:40.147669,"79,1530"
158.77,157.33 ,"12.613,00",2022-01-26 16:52:47.811958,"79,1925"
158.77,159.61 ,"12.613,00",2022-01-26 16:58:21.653640,"79,1900"
158.77,159.61 ,"12.647,00",2022-01-26 17:04:06.706648,"79,2153"
159.68,159.61 ,"12.626,00",2022-01-26 17:09:13.083264,"79,2002"
159.68,159.61 ,"12.603,00",2022-01-26 17:14:31.364158,"79,1511"
159.68,159.61 ,"12.605,00",2022-01-26 17:19:36.862047,"79,1712"
158.88,159.61 ,"12.626,00",2022-01-26 17:25:37.458178,"79,2045"
158.88,156.82 ,"12.626,00",2022-01-26 17:30:47.819849,"79,2127"
156.81,154.60 ,"12.250,00",2022-01-26 17:35:52.862290,"79,2819"
156.81,154.60 ,"12.200,00",2022-01-26 17:40:59.653623,"79,1988"
156.81,154.60 ,"12.243,00",2022-01-26 17:46:05.498896,"79,2164"
155.53,156.73 ,"12.472,00",2022-01-26 17:51:11.183930,"79,2072"
155.53,158.99 ,"12.428,00",2022-01-26 17:56:15.670378,"79,2513"
155.53,158.99 ,"12.580,00",2022-01-26 18:01:20.699921,"79,6117"
158.74,158.99 ,"12.614,00",2022-01-26 18:06:26.575902,"79,5676"
158.74,158.99 ,"12.555,00",2022-01-26 18:11:40.572988,"79,6225"
158.74,158.99 ,"12.652,00",2022-01-26 18:16:50.005060,"79,7230"
158.42,163.79 ,"12.496,00",2022-01-27 11:04:12.885262,"78,4104"
158.42,159.48 ,"12.571,00",2022-01-27 11:09:21.823035,"78,6050"
158.42,158.96 ,"12.500,00",2022-01-27 11:14:32.162858,"78,6114"
159.05,158.96 ,"12.500,00",2022-01-27 11:19:37.841014,"78,6007"
159.05,160.47 ,"12.600,00",2022-01-27 11:24:45.480141,"78,4717"
159.05,158.77 ,"12.487,00",2022-01-27 11:29:53.281767,"78,5128"
159.51,158.73 ,"12.429,00",2022-01-27 11:34:58.507319,"78,4015"
159.51,159.97 ,"12.547,00",2022-01-27 11:40:05.171695,"78,5600"
159.51,159.97 ,"12.564,00",2022-01-27 11:45:11.612258,"78,5260"
159.78,159.97 ,"12.582,00",2022-01-27 11:50:17.129538,"78,5691"
159.78,160.49 ,"12.663,00",2022-01-27 11:55:22.765180,"78,6084"
159.78,160.22 ,"12.605,00",2022-01-27 12:00:28.101159,"78,6605"
160.35,160.22 ,"12.630,00",2022-01-27 12:05:33.538134,"78,6863"
160.35,160.22 ,"12.657,00",2022-01-27 12:10:39.258386,"78,7168"
160.35,160.22 ,"12.566,00",2022-01-27 12:15:44.524785,"78,8051"
160.15,160.22 ,"12.555,00",2022-01-27 12:20:50.514460,"78,7560"
160.15,160.22 ,"12.555,00",2022-01-27 12:25:56.320840,"78,9440"
160.15,160.22 ,"12.531,00",2022-01-27 12:31:02.917091,"78,8870"
159.28,160.22 ,"12.611,00",2022-01-27 12:36:09.428957,"78,7838"
159.28,160.22 ,"12.611,00",2022-01-27 12:41:15.243067,"78,6990"
159.28,160.22 ,"12.611,00",2022-01-27 12:46:21.504524,"78,7414"
159.79,160.22 ,"12.575,00",2022-01-27 12:51:28.155418,"78,6613"
159.79,160.22 ,"12.572,00",2022-01-27 12:56:33.511810,"78,5881"
159.79,160.22 ,"12.650,00",2022-01-27 13:01:39.292686,"78,6524"
159.87,160.22 ,"12.650,00",2022-01-27 13:06:45.496071,"78,6704"
159.87,160.22 ,"12.568,00",2022-01-27 13:11:52.115921,"78,5697"
159.87,160.22 ,"12.568,00",2022-01-27 13:17:00.585931,"78,5565"
159.77,160.22 ,"12.568,00",2022-01-27 13:22:07.380911,"78,4469"
159.77,160.22 ,"12.568,00",2022-01-27 13:27:14.828657,"78,4143"
159.87,160.22 ,"12.648,00",2022-01-27 13:48:05.864304,"78,5621"
160.7,160.22 ,"12.581,00",2022-01-27 13:53:12.815604,"78,5244"
160.7,160.22 ,"12.581,00",2022-01-27 13:58:19.580180,"78,5374"
160.7,160.22 ,"12.581,00",2022-01-27 14:03:26.390213,"78,5518"
159.79,160.22 ,"12.596,00",2022-01-27 15:29:27.442658,"78,5485"
159.81,160.22 ,"12.585,00",2022-01-27 15:34:34.095096,"78,0646"
159.81,160.22 ,"12.567,00",2022-01-27 15:39:39.021577,"78,0557"
159.81,160.22 ,"12.531,00",2022-01-27 15:44:45.170803,"78,0178"
159.23,160.22 ,"12.530,00",2022-01-27 15:49:50.627074,"78,1014"
159.23,160.22 ,"12.450,00",2022-01-27 15:55:04.582451,"77,9817"
159.23,160.22 ,"12.449,00",2022-01-27 16:00:19.562657,"78,0772"
159.43,160.22 ,"12.450,00",2022-01-27 16:05:26.576505,"77,9447"
159.43,160.22 ,"12.467,00",2022-01-27 16:10:33.283308,"77,7660"
149.81,150.06 ,"11.676,00",2022-01-28 11:38:38.050225,"77,9811"
149.81,150.06 ,"11.711,00",2022-01-28 11:43:45.122945,"78,1573"
149.81,149.63 ,"11.680,00",2022-01-28 11:48:51.107583,"78,1481"
149.81,149.63 ,"11.671,00",2022-01-28 11:53:57.668564,"78,0705"
149.81,149.63 ,"11.670,00",2022-01-28 11:59:02.223886,"78,1013"
149.64,149.37 ,"11.697,00",2022-01-28 12:04:08.019853,"78,0845"
149.64,149.37 ,"11.704,00",2022-01-28 12:09:13.768473,"78,1034"
149.64,149.37 ,"11.680,00",2022-01-28 12:14:22.620027,"78,0817"
149.8,149.37 ,"11.680,00",2022-01-28 12:19:27.890801,"78,0628"
149.8,149.37 ,"11.670,00",2022-01-28 12:24:33.745199,"77,9029"
149.8,149.37 ,"11.670,00",2022-01-28 12:29:38.887689,"77,9105"
149.60000000000002,149.37 ,"11.710,00",2022-01-28 12:34:45.431971,"77,9011"
149.60000000000002,149.37 ,"11.691,00",2022-01-28 12:39:52.062487,"77,9320"
149.60000000000002,149.37 ,"11.685,00",2022-01-28 12:44:58.158547,"77,8856"
149.8,149.37 ,"11.685,00",2022-01-28 12:50:03.648870,"77,9030"
149.8,149.37 ,"11.685,00",2022-01-28 12:55:09.913453,"77,9291"
149.8,147.15 ,"11.666,00",2022-01-28 13:00:15.538452,"77,8571"
149.39,147.15 ,"11.658,00",2022-01-28 13:05:20.602086,"77,7853"
145.84,147.15 ,"11.370,00",2022-01-28 15:19:58.977704,"77,6675"
145.84,147.15 ,"11.334,00",2022-01-28 15:25:07.195936,"77,6393"
145.84,147.15 ,"11.322,00",2022-01-28 15:30:12.765015,"77,6353"
145.77,147.15 ,"11.322,00",2022-01-28 15:35:19.775455,"77,6438"
145.77,147.15 ,"11.373,00",2022-01-28 15:40:27.077076,"77,6267"
145.77,147.15 ,"11.318,00",2022-01-28 15:45:33.820207,"77,5020"
145.58,145.00 ,"11.259,00",2022-01-28 15:50:39.745261,"77,4898"
145.58,145.00 ,"11.291,00",2022-01-28 15:55:49.246522,"77,6675"
145.58,145.00 ,"11.291,00",2022-01-28 16:00:56.693341,"77,7458"
145.68,145.00 ,"11.297,00",2022-01-28 16:06:03.146402,"77,6459"
145.68,145.00 ,"11.333,00",2022-01-28 16:11:25.911896,"77,7088"
145.68,145.00 ,"11.400,00",2022-01-28 16:16:32.443402,"77,6024"
146,147.09 ,"11.383,00",2022-01-28 16:21:39.623611,"77,5653"
146,147.09 ,"11.209,00",2022-01-28 16:26:47.970687,"77,4835"
161.29999999999998,161.45 ,"12.530,00",2022-01-31 12:55:10.298957,"77,4268"
161.29999999999998,161.45 ,"12.530,00",2022-01-31 13:00:15.399988,"77,4387"
161.29999999999998,161.45 ,"12.552,00",2022-01-31 13:05:20.787034,"77,4513"
161.29999999999998,161.45 ,"12.566,00",2022-01-31 13:10:26.471032,"77,5754"
161.29999999999998,161.45 ,"12.566,00",2022-01-31 13:15:32.817563,"77,5593"
161.29999999999998,161.45 ,"12.505,00",2022-01-31 13:46:51.826179,"77,6100"
161.29999999999998,161.45 ,"12.505,00",2022-01-31 13:51:58.723787,"77,5916"
161.29999999999998,161.45 ,"12.515,00",2022-01-31 13:57:06.330624,"77,5493"
161.29999999999998,161.45 ,"12.512,00",2022-01-31 14:02:21.964727,"77,5330"
161.29999999999998,161.45 ,"12.512,00",2022-01-31 14:07:32.585826,"77,5536"
161.29999999999998,161.45 ,"12.498,00",2022-01-31 14:12:38.990168,"77,5556"
161.29999999999998,161.45 ,"12.498,00",2022-01-31 14:17:47.582918,"77,5468"
161.29999999999998,161.45 ,"12.500,00",2022-01-31 14:22:53.527302,"77,5571"
161.29999999999998,161.45 ,"12.500,00",2022-01-31 14:27:59.389465,"77,5470"
161.29999999999998,161.45 ,"12.500,00",2022-01-31 14:33:08.010049,"77,6198"
161.29999999999998,161.45 ,"12.500,00",2022-01-31 14:38:21.961648,"77,6297"
161.29999999999998,161.45 ,"12.500,00",2022-01-31 14:43:28.759843,"77,5890"
161.29999999999998,161.45 ,"12.430,00",2022-01-31 14:48:34.480733,"77,6213"
161.29999999999998,161.45 ,"12.451,00",2022-01-31 14:53:40.000103,"77,6393"
161.29999999999998,161.45 ,"12.451,00",2022-01-31 14:58:47.746576,"77,6616"
161.29999999999998,161.45 ,"12.454,00",2022-01-31 15:03:56.709891,"77,8296"
160.22,161.45 ,"12.419,00",2022-01-31 15:09:03.182754,"77,7370"
160.22,159.15 ,"12.360,00",2022-01-31 15:14:08.001683,"77,7392"
159.15,159.15 ,"12.392,00",2022-01-31 15:19:12.857100,"77,6881"
159.15,159.15 ,"12.230,00",2022-01-31 15:24:17.843453,"77,6806"
159.15,156.86 ,"12.244,00",2022-01-31 15:29:25.797805,"77,6989"
157.31,156.86 ,"12.223,00",2022-01-31 15:34:35.211986,"77,6500"
157.31,156.86 ,"12.267,00",2022-01-31 15:39:40.337001,"77,6207"
157.31,156.86 ,"12.283,00",2022-01-31 15:44:45.688755,"77,6188"
158.19,156.86 ,"12.330,00",2022-01-31 15:49:55.566704,"77,6665"
158.19,156.86 ,"12.298,00",2022-01-31 15:55:00.167832,"77,7414"
158.19,156.86 ,"12.298,00",2022-01-31 16:00:05.229682,"77,7370"
158.65,156.86 ,"12.318,00",2022-01-31 16:05:11.167825,"77,7209"
158.65,156.86 ,"12.333,00",2022-01-31 16:10:17.250062,"77,7460"
158.65,156.86 ,"12.301,00",2022-01-31 16:15:22.198005,"77,7675"
158.41,156.86 ,"12.301,00",2022-01-31 16:20:29.162942,"77,6608"
158.41,156.86 ,"12.331,00",2022-01-31 16:25:34.656579,"77,6711"
158.41,156.86 ,"12.300,00",2022-01-31 16:30:40.001,"77,6419"
158.05,156.86 ,"12.318,00",2022-01-31 16:35:46.656424,"77,5565"
158.05,156.86 ,"12.323,00",2022-01-31 16:40:53.021649,"77,5705"
158.05,156.86 ,"12.320,00",2022-01-31 16:45:59.527448,"77,5950"
158.83,159.11 ,"12.324,00",2022-01-31 16:51:05.774867,"77,6175"
158.83,159.11 ,"12.365,00",2022-01-31 16:56:14.186197,"77,5600"
158.83,159.11 ,"12.351,00",2022-01-31 17:01:22.074795,"77,5365"
159.1,159.11 ,"12.351,00",2022-01-31 17:06:28.598448,"77,4327"
159.1,159.11 ,"12.351,00",2022-01-31 17:11:35.998446,"77,5220"
159.1,159.11 ,"12.324,00",2022-01-31 17:16:47.397740,"77,5075"
159.03,159.11 ,"12.317,00",2022-01-31 17:21:56.300795,"77,4367"
159.03,159.11 ,"12.381,00",2022-01-31 17:27:04.345634,"77,4473"
159.03,161.49 ,"12.433,00",2022-01-31 17:32:12.196830,"77,4872"
160.52,156.75 ,"12.135,00",2022-01-31 17:37:19.354279,"77,5797"
160.52,156.75 ,"12.242,00",2022-01-31 17:42:29.013642,"77,5929"
160.52,159.09 ,"12.318,00",2022-01-31 17:47:37.150739,"77,5682"
158.36,159.09 ,"12.468,00",2022-01-31 17:52:44.664448,"77,5599"
158.36,161.31 ,"12.493,00",2022-01-31 17:57:50.748134,"77,6202"
158.36,161.31 ,"12.472,00",2022-01-31 18:02:59.680048,"77,5124"
160.85,161.31 ,"12.608,00",2022-01-31 18:08:05.586017,"77,4849"
160.85,161.31 ,"12.590,00",2022-01-31 18:13:12.293767,"77,5008"
160.85,161.31 ,"12.560,00",2022-01-31 18:18:26.066504,"77,4017"
162.02,161.31 ,"12.490,00",2022-01-31 18:23:35.266461,"77,4443"
162.02,161.31 ,"12.529,00",2022-01-31 18:28:44.118128,"77,5103"
162.02,161.31 ,"12.529,00",2022-01-31 18:33:51.243379,"77,4881"
162.34,161.31 ,"12.585,00",2022-01-31 18:39:00.374133,"77,5041"
162.34,163.67 ,"12.640,00",2022-01-31 18:44:23.085171,"77,5361"
162.34,163.67 ,"12.671,00",2022-01-31 18:49:28.820822,"77,4070"
163.37,163.67 ,"12.750,00",2022-01-31 18:54:34.823364,"77,4106"
163.37,163.67 ,"12.747,00",2022-01-31 18:59:41.088834,"77,3881"
163.37,166.07 ,"12.840,00",2022-01-31 19:04:52.605041,77.4341
165.10000000000002,165.96 ,"12.961,00",2022-01-31 19:10:00.045224,"77,4833"
165.10000000000002,165.96 ,"12.764,00",2022-01-31 19:15:05.985493,"77,4663"
165.10000000000002,163.40 ,"12.675,00",2022-01-31 19:20:12.735379,"77,4260"
165.04,163.40 ,"12.628,00",2022-01-31 19:25:24.057195,"77,3604"
172.62,173.55 ,"13.351,00",2022-02-01 11:28:21.385762,"77,0603"
172.62,173.55 ,"13.335,00",2022-02-01 11:33:26.990575,"77,0886"
172.62,173.55 ,"13.390,00",2022-02-01 11:38:32.810283,"77,1590"
172.62,173.55 ,"13.415,00",2022-02-01 11:43:39.286356,"77,1213"
172.62,174.18 ,"13.416,00",2022-02-01 11:48:46.250490,"77,0874"
172.62,173.15 ,"13.416,00",2022-02-01 11:53:52.979651,"77,0617"
172.62,173.10 ,"13.360,00",2022-02-01 11:58:59.624088,"77,0186"
172.62,173.49 ,"13.381,00",2022-02-01 12:04:09.923143,"76,8796"
172.62,173.49 ,"13.340,00",2022-02-01 12:09:15.093651,"76,9097"
172.62,173.49 ,"13.279,00",2022-02-01 12:14:20.204803,"76,8948"
172.62,173.49 ,"13.252,00",2022-02-01 12:19:25.221956,"77,0071"
172.62,173.49 ,"13.316,00",2022-02-01 12:24:35.701540,"76,9776"
172.62,173.49 ,"13.316,00",2022-02-01 12:29:40.749824,"76,9827"
172.62,173.49 ,"13.263,00",2022-02-01 12:34:47.190649,"77,0048"
172.62,173.49 ,"13.263,00",2022-02-01 12:39:52.240950,"77,0309"
172.62,173.49 ,"13.275,00",2022-02-01 12:44:57.108922,"77,0179"
172.62,173.49 ,"13.277,00",2022-02-01 12:50:03.826101,"77,0328"
172.62,173.49 ,"13.239,00",2022-02-01 12:55:10.124178,"76,9605"
172.62,173.49 ,"13.243,00",2022-02-01 13:00:17.126003,"77,0242"
172.62,173.49 ,"13.243,00",2022-02-01 13:05:21.602973,"77,0211"
172.62,173.49 ,"13.270,00",2022-02-01 13:10:27.175455,"77,0161"
172.62,173.49 ,"13.270,00",2022-02-01 13:15:42.342241,"77,0132"
172.62,173.49 ,"13.312,00",2022-02-01 13:20:48.856982,"76,9733"
172.62,173.49 ,"13.312,00",2022-02-01 13:25:56.263689,"76,9562"
172.62,173.49 ,"13.312,00",2022-02-01 13:31:05.298342,"76,8518"
172.62,173.49 ,"13.335,00",2022-02-01 13:36:10.964055,"76,8755"
172.62,173.49 ,"13.335,00",2022-02-01 13:41:17.253324,"76,7967"
172.62,173.49 ,"13.359,00",2022-02-01 13:46:23.123959,"76,8130"
172.62,173.49 ,"13.359,00",2022-02-01 13:51:28.985785,"76,7666"
172.62,173.49 ,"13.300,00",2022-02-01 13:56:35.291189,"76,7092"
172.62,173.49 ,"13.300,00",2022-02-01 14:01:46.976702,"76,7105"
172.62,173.49 ,"13.300,00",2022-02-01 14:06:52.103738,"76,6498"
172.62,173.49 ,"13.350,00",2022-02-01 16:03:43.506517,"76,6486"
172.62,173.49 ,"13.400,00",2022-02-01 16:08:50.648066,"76,6605"
172.62,173.49 ,"13.400,00",2022-02-01 16:13:55.835173,"76,7275"
172.62,173.49 ,"13.430,00",2022-02-01 16:19:02.214312,"76,6859"
172.62,173.49 ,"13.409,00",2022-02-01 16:24:09.596533,"76,6776"
172.62,173.49 ,"13.450,00",2022-02-01 16:29:15.116708,"76,6813"
172.62,173.49 ,"13.450,00",2022-02-01 16:34:20.923301,"76,6881"
172.62,173.49 ,"13.426,00",2022-02-01 16:39:36.535167,"76,6728"
172.62,173.49 ,"13.438,00",2022-02-01 16:44:45.090658,"76,7174"
172.62,173.49 ,"13.454,00",2022-02-01 16:49:51.105526,"76,6800"
172.62,173.49 ,"13.451,00",2022-02-01 16:54:57.836396,"76,6654"
172.62,175.77 ,"13.460,00",2022-02-01 17:00:03.690277,"76,6443"
172.62,175.77 ,"13.465,00",2022-02-01 17:05:15.361289,"76,6120"
172.62,175.77 ,"13.457,00",2022-02-01 17:10:23.734174,"76,5846"
172.62,175.77 ,"13.457,00",2022-02-01 17:15:28.512576,"76,5988"
166.08,165.34 ,"12.661,00",2022-02-03 11:28:46.652794,"76,6160"
164.97,165.34 ,"12.661,00",2022-02-03 11:33:51.345543,"76,6315"
164.97,165.34 ,"12.661,00",2022-02-03 11:38:56.260393,"76,6344"
164.97,164.20 ,"12.661,00",2022-02-03 11:44:02.731485,"76,6284"
164.09,163.73 ,"12.569,00",2022-02-03 11:49:07.755869,"76,6663"
164.09,163.73 ,"12.547,00",2022-02-03 11:54:13.019230,"76,6360"
164.09,163.82 ,"12.532,00",2022-02-03 11:59:19.462030,"76,5683"
163.55,164.67 ,"12.528,00",2022-02-03 12:04:24.906828,"76,5540"
163.55,164.67 ,"12.528,00",2022-02-03 12:09:30.099069,"76,5142"
163.55,164.67 ,"12.579,00",2022-02-03 12:14:35.360512,"76,5118"
163.92,164.67 ,"12.595,00",2022-02-03 12:19:41.181570,"76,5430"
163.77,164.67 ,"12.575,00",2022-02-03 13:59:04.978077,"76,4136"
163.77,164.67 ,"12.575,00",2022-02-03 14:04:13.464135,"76,4017"
164.19,164.67 ,"12.525,00",2022-02-03 14:09:18.580696,"76,4692"
164.19,164.67 ,"12.517,00",2022-02-03 14:14:23.403533,"76,4506"
164.19,164.67 ,"12.517,00",2022-02-03 14:19:28.582308,"76,4473"
163.62,164.67 ,"12.515,00",2022-02-03 14:24:33.715041,"76,4301"
163.62,164.67 ,"12.500,00",2022-02-03 14:29:38.411784,"76,4720"
163.62,164.67 ,"12.569,00",2022-02-03 14:34:42.976413,"76,4647"
163.73,164.67 ,"12.569,00",2022-02-03 14:39:48.559870,"76,4731"
163.73,164.67 ,"12.578,00",2022-02-03 14:44:54.296100,"76,5008"
163.99,164.67 ,"12.578,00",2022-02-03 14:49:59.433416,"76,3412"
163.99,164.67 ,"12.557,00",2022-02-03 14:55:07.099148,"76,3332"
163.99,164.67 ,"12.557,00",2022-02-03 15:00:12.025501,"76,3809"
164.08,164.67 ,"12.500,00",2022-02-03 15:05:18.837869,"76,3491"
164.08,164.67 ,"12.439,00",2022-02-03 15:10:25.503762,"76,3666"
164.08,164.67 ,"12.464,00",2022-02-03 15:15:35.488665,"76,3085"
164.08,164.67 ,"12.453,00",2022-02-03 15:20:40.830828,"76,3257"
162.88,162.21 ,"12.449,00",2022-02-03 15:25:48.456080,"76,3310"
162.88,162.21 ,"12.494,00",2022-02-03 15:30:53.289166,"76,3511"
162.75,162.21 ,"12.494,00",2022-02-03 15:35:59.716594,"76,3278"
162.75,162.21 ,"12.511,00",2022-02-03 15:41:05.062641,"76,2589"
162.75,162.21 ,"12.494,00",2022-02-03 15:46:11.392770,"76,2268"
164.04,164.36 ,"12.494,00",2022-02-03 15:51:18.051032,"76,2911"
164.04,164.36 ,"12.494,00",2022-02-03 15:56:23.419404,"76,3109"
164.04,164.36 ,"12.494,00",2022-02-03 16:01:34.543242,"76,3729"
164.3,164.36 ,"12.494,00",2022-02-03 16:06:41.809578,"76,4216"
164.3,164.36 ,"12.494,00",2022-02-03 16:11:48.337872,"76,4366"
164.3,164.36 ,"12.494,00",2022-02-03 16:16:52.732788,"76,3590"
164.43,164.36 ,"12.576,00",2022-02-03 16:21:58.744380,"76,4033"
164.43,164.36 ,"12.579,00",2022-02-03 16:27:03.548549,"76,3310"
164.43,164.36 ,"12.624,00",2022-02-03 16:32:09.202661,"76,2911"
165.08,164.36 ,"12.642,00",2022-02-03 16:37:14.478264,"76,3662"
165.08,164.36 ,"12.629,00",2022-02-03 16:42:19.952970,"76,4181"
165.08,164.36 ,"12.629,00",2022-02-03 16:47:24.548376,"76,2901"
165.02,164.36 ,"12.568,00",2022-02-03 16:52:29.547795,"76,2220"
165.02,164.36 ,"12.556,00",2022-02-03 16:57:34.762557,"76,1881"
165.02,164.36 ,"12.556,00",2022-02-03 17:02:44.024279,"76,2760"
165.02,164.36 ,"12.494,00",2022-02-03 17:07:52.602405,"76,2314"
165.02,164.36 ,"12.500,00",2022-02-03 17:13:04.289643,"76,2371"
165.02,164.36 ,"12.500,00",2022-02-03 17:18:10.964219,"76,2256"
165.02,164.36 ,"12.500,00",2022-02-03 17:23:16.115660,"76,2124"
165.02,164.36 ,"12.408,00",2022-02-03 17:28:22.566631,"76,1592"
165.02,166.81 ,"12.667,00",2022-02-03 17:33:32.403818,"76,2599"
163.06,164.01 ,"12.426,00",2022-02-07 11:05:17.712061,"75,7082"
163.06,161.80 ,"12.210,00",2022-02-07 11:10:22.161660,"75,7423"
163.06,161.80 ,"12.263,00",2022-02-07 11:15:26.708702,"75,7093"
163.06,161.80 ,"12.260,00",2022-02-07 11:20:32.453929,"75,7340"
163.06,161.33 ,"12.243,00",2022-02-07 11:25:39.046568,"75,6968"
163.06,160.79 ,"12.200,00",2022-02-07 11:30:44.621091,"75,6525"
163.06,160.79 ,"12.183,00",2022-02-07 11:35:53.678837,"75,6763"
163.06,161.86 ,"12.223,00",2022-02-07 11:40:59.698103,"75,6355"
163.06,161.86 ,"12.257,00",2022-02-07 11:46:10.936638,"75,6578"
163.06,161.38 ,"12.223,00",2022-02-07 11:51:16.018813,"75,6370"
163.06,161.38 ,"12.217,00",2022-02-07 11:56:20.788632,"75,6836"
163.06,161.41 ,"12.230,00",2022-02-07 12:01:26.123016,"75,6873"
163.06,161.41 ,"12.230,00",2022-02-07 12:06:31.322725,"75,6859"
163.06,161.41 ,"12.230,00",2022-02-07 12:11:37.846299,"75,6908"
163.06,161.41 ,"12.244,00",2022-02-07 12:16:42.813068,"75,6498"
163.06,161.41 ,"12.251,00",2022-02-07 12:21:48.089514,"75,6697"
163.06,161.41 ,"12.257,00",2022-02-07 12:26:52.795547,"75,6482"
163.06,161.41 ,"12.257,00",2022-02-07 12:31:57.496597,"75,6668"
163.06,161.41 ,"12.261,00",2022-02-07 12:37:01.981290,"75,6707"
163.06,161.41 ,"12.261,00",2022-02-07 12:42:07.829019,"75,6101"
163.06,161.41 ,"12.261,00",2022-02-07 12:47:12.859716,"75,5260"
163.06,161.41 ,"12.261,00",2022-02-07 12:52:17.722244,"75,5138"
163.06,161.41 ,"12.243,00",2022-02-07 12:57:22.407420,"75,5505"
163.06,161.41 ,"12.243,00",2022-02-07 13:02:27.433761,"75,5773"
163.06,161.41 ,"12.243,00",2022-02-07 13:07:32.185275,"75,6074"
163.06,161.41 ,"12.243,00",2022-02-07 13:12:37.131132,"75,6074"
163.06,161.41 ,"12.243,00",2022-02-07 13:17:41.723692,"75,6074"
163.06,161.41 ,"12.222,00",2022-02-07 13:22:46.834525,"75,5500"
163.06,161.41 ,"12.222,00",2022-02-07 13:27:53.089206,"75,5154"
163.06,161.41 ,"12.222,00",2022-02-07 13:32:58.991858,"75,4370"
163.06,161.41 ,"12.222,00",2022-02-07 13:38:05.038379,"75,4682"
163.06,161.41 ,"12.222,00",2022-02-07 13:43:12.222188,"75,4954"
163.06,161.41 ,"12.222,00",2022-02-07 13:48:16.466320,"75,5139"
163.06,161.41 ,"12.222,00",2022-02-07 13:53:20.642194,"75,4788"
163.06,161.41 ,"12.222,00",2022-02-07 13:58:25.179390,"75,4528"
163.06,161.41 ,"12.222,00",2022-02-07 14:03:33.271984,"75,4367"
163.06,161.41 ,"12.245,00",2022-02-07 14:08:39.615618,"75,4289"
163.06,161.41 ,"12.245,00",2022-02-07 14:13:44.353096,"75,4505"
163.06,161.41 ,"12.200,00",2022-02-07 14:18:50.187535,"75,4076"
163.06,161.41 ,"12.226,00",2022-02-07 14:23:55.709062,"75,4682"
163.06,161.41 ,"12.226,00",2022-02-07 14:29:07.247665,"75,4942"
163.06,161.41 ,"12.226,00",2022-02-07 14:34:13.041396,"75,4412"
163.06,161.41 ,"12.221,00",2022-02-07 14:39:17.752301,"75,4418"
163.06,161.41 ,"12.261,00",2022-02-07 14:44:22.963702,"75,4424"
163.06,161.41 ,"12.261,00",2022-02-07 14:49:27.750587,"75,4595"
163.06,161.41 ,"12.261,00",2022-02-07 14:54:34.028736,"75,4910"
163.06,161.41 ,"12.261,00",2022-02-07 14:59:40.041556,"75,4698"
163.06,161.41 ,"12.220,00",2022-02-07 15:04:45.779430,"75,4562"
163.06,161.41 ,"12.220,00",2022-02-07 15:09:51.796949,"75,4568"
163.06,161.41 ,"12.220,00",2022-02-07 15:14:57.772515,"75,4814"
163.06,161.41 ,"12.220,00",2022-02-07 15:20:06.303540,"75,4545"
163.06,161.41 ,"12.220,00",2022-02-07 15:25:13.190868,"75,4466"
163.06,161.41 ,"12.220,00",2022-02-07 15:30:19.452340,"75,4363"
163.06,161.41 ,"12.220,00",2022-02-07 15:35:24.958487,"75,4074"
163.06,161.41 ,"12.235,00",2022-02-07 15:40:31.228317,"75,4238"
163.06,161.41 ,"12.235,00",2022-02-07 15:45:35.924089,"75,4451"
163.06,161.41 ,"12.235,00",2022-02-07 15:50:42.187295,"75,4603"
163.06,161.41 ,"12.235,00",2022-02-07 15:55:46.883009,"75,5215"
163.06,161.41 ,"12.235,00",2022-02-07 16:00:52.621024,"75,5215"
154.03,155.17 ,"11.535,00",2022-02-09 16:42:17.115875,"74,7390"
154.03,155.17 ,"11.535,00",2022-02-09 16:47:24.114965,"74,7260"
154.32,155.17 ,"11.531,00",2022-02-09 16:52:31.197742,"74,7102"
154.32,155.17 ,"11.531,00",2022-02-09 16:57:37.676817,"74,7405"
154.32,155.17 ,"11.499,00",2022-02-09 17:02:44.170561,"74,7270"
153.98,155.17 ,"11.499,00",2022-02-09 17:07:50.768411,"74,7462"
153.98,155.17 ,"11.480,00",2022-02-09 17:12:59.054235,"74,7785"
153.98,155.17 ,"11.484,00",2022-02-09 17:18:08.011018,"74,7919"
153.98,155.17 ,"11.484,00",2022-02-09 17:23:16.569803,"74,7796"
153.98,155.17 ,"11.496,00",2022-02-09 17:28:21.989311,"74,7783"
153.98,155.17 ,"11.655,00",2022-02-09 17:33:28.334894,"74,7677"
153.98,155.17 ,"11.650,00",2022-02-09 17:38:32.876077,"74,7812"
153.98,155.17 ,"11.674,00",2022-02-09 17:43:38.129400,"74,7814"
153.98,155.17 ,"11.612,00",2022-02-09 17:48:43.086016,"74,7672"
153.98,155.17 ,"11.611,00",2022-02-09 17:53:47.881656,"74,7825"
153.98,155.17 ,"11.673,00",2022-02-09 17:58:53.499106,"74,7620"
153.98,157.41 ,"11.721,00",2022-02-09 18:03:58.316125,"74,7193"
163.08,162.35 ,"12.141,00",2022-02-10 11:21:06.228050,"74,7411"
163.08,162.35 ,"12.141,00",2022-02-10 11:26:22.744090,"74,7705"
163.08,162.35 ,"12.141,00",2022-02-10 11:31:28.660465,"74,8119"
163.08,162.35 ,"12.141,00",2022-02-10 11:36:34.789269,"74,7918"
163.08,162.35 ,"12.133,00",2022-02-10 11:41:41.056811,"74,7405"
163.08,162.35 ,"12.131,00",2022-02-10 11:46:47.163557,"74,7142"
163.08,162.35 ,"12.131,00",2022-02-10 11:51:54.160784,"74,7143"
163.08,162.35 ,"12.126,00",2022-02-10 11:56:59.685520,"74,7212"
163.08,162.64 ,"12.126,00",2022-02-10 12:02:05.419936,"74,7218"
163.08,162.64 ,"12.115,00",2022-02-10 12:07:13.742543,"74,6911"
163.08,162.64 ,"12.091,00",2022-02-10 12:12:19.962943,"74,6987"
163.08,162.64 ,"12.081,00",2022-02-10 12:17:26.466524,"74,6630"
163.08,162.64 ,"12.090,00",2022-02-10 12:22:34.254222,"74,6672"
163.08,162.64 ,"12.096,00",2022-02-10 12:27:40.293731,"74,6861"
163.08,162.64 ,"12.118,00",2022-02-10 12:32:46.561188,"74,7017"
161.73,162.64 ,"12.108,00",2022-02-10 12:38:02.531655,"74,7235"
161.73,162.64 ,"12.097,00",2022-02-10 12:43:08.202584,"74,7255"
161.73,162.64 ,"12.097,00",2022-02-10 12:48:12.712028,"74,7199"
161.73,162.64 ,"12.097,00",2022-02-10 12:53:19.062884,"74,7339"
161.73,162.64 ,"12.097,00",2022-02-10 12:58:24.456941,"74,7300"
161.73,162.64 ,"12.075,00",2022-02-10 13:03:29.554693,"74,7430"
161.73,162.64 ,"12.041,00",2022-02-10 13:08:36.672083,"74,7747"
161.73,162.64 ,"12.042,00",2022-02-10 13:13:44.129054,"74,7900"
161.73,162.64 ,"12.042,00",2022-02-10 13:18:51.480249,"74,7824"
161.73,162.64 ,"12.064,00",2022-02-10 13:23:57.417545,"74,7572"
161.73,162.64 ,"12.055,00",2022-02-10 13:29:02.825778,"74,8254"
161.73,162.64 ,"12.055,00",2022-02-10 13:34:09.391353,"74,7455"
161.73,162.64 ,"12.083,00",2022-02-10 13:39:16.382799,"74,7403"
161.73,162.64 ,"12.083,00",2022-02-10 13:44:25.181011,"74,7812"
161.73,162.64 ,"12.083,00",2022-02-10 13:49:32.689915,"74,7749"
161.73,162.64 ,"12.083,00",2022-02-10 13:54:39.928854,"74,7155"
161.73,162.64 ,"12.097,00",2022-02-10 13:59:45.307606,"74,7363"
161.73,162.64 ,"12.097,00",2022-02-10 14:04:51.352596,"74,7569"
161.73,162.64 ,"12.097,00",2022-02-10 14:09:58.494416,"74,7052"
161.73,162.64 ,"12.097,00",2022-02-10 14:15:04.571772,"74,7036"
161.73,162.64 ,"12.097,00",2022-02-10 14:20:11.099021,"74,7266"
161.73,162.64 ,"12.102,00",2022-02-10 14:42:48.097071,"74,7025"
161.73,162.64 ,"12.102,00",2022-02-10 14:47:54.400978,"74,6839"
161.73,162.64 ,"12.080,00",2022-02-10 14:53:09.523203,"74,5797"
161.73,162.64 ,"12.080,00",2022-02-10 14:58:21.695792,"74,5823"
161.73,162.64 ,"12.080,00",2022-02-10 15:03:28.887177,"74,5749"
157.77,157.92 ,"11.840,00",2022-02-11 11:04:53.692700,"74,8827"
157.77,158.11 ,"11.840,00",2022-02-11 11:10:00.932944,"74,8799"
157.77,158.11 ,"11.841,00",2022-02-11 11:15:08.090666,"74,8964"
158.14,158.58 ,"11.860,00",2022-02-11 11:20:13.455656,"74,9271"
158.14,158.58 ,"11.866,00",2022-02-11 11:25:20.397505,"74,9776"
158.14,158.55 ,"11.857,00",2022-02-11 11:30:27.947060,"75,0480"
158.36,158.55 ,"11.874,00",2022-02-11 11:35:38.166309,"75,0261"
158.34,157.39 ,"11.875,00",2022-02-11 12:00:01.231344,"75,0523"
157.75,157.39 ,"11.820,00",2022-02-11 12:05:10.218009,"75,0177"
157.75,157.39 ,"11.820,00",2022-02-11 12:10:15.229519,"75,0391"
157.75,157.39 ,"11.820,00",2022-02-11 12:15:20.006274,"75,0998"
157.65,157.39 ,"11.850,00",2022-02-11 12:20:25.367479,"75,1813"
157.65,157.39 ,"11.850,00",2022-02-11 12:25:31.435076,"75,2392"
157.65,157.39 ,"11.850,00",2022-02-11 12:30:36.369672,"75,1499"
157.87,157.39 ,"11.888,00",2022-02-11 12:35:40.747208,"75,1603"
157.87,157.39 ,"11.888,00",2022-02-11 12:40:51.912738,"75,1264"
157.87,157.39 ,"11.893,00",2022-02-11 12:45:56.441600,"75,0497"
158.16,157.39 ,"11.893,00",2022-02-11 12:51:02.359101,"74,9768"
158.16,157.39 ,"11.893,00",2022-02-11 12:56:06.907633,"74,9813"
158.16,157.39 ,"11.895,00",2022-02-11 13:01:12.518254,"75,0448"
158.41,157.39 ,"11.895,00",2022-02-11 13:06:20.631538,"74,9938"
158.41,157.39 ,"11.894,00",2022-02-11 13:11:29.355286,"74,9571"
158.41,157.39 ,"11.893,00",2022-02-11 13:16:34.777355,"74,9940"
158.44,157.39 ,"11.900,00",2022-02-11 13:21:39.333288,"75,0845"
158.44,157.39 ,"11.910,00",2022-02-11 13:26:45.722100,"74,9520"
158.44,157.39 ,"11.920,00",2022-02-11 13:31:51.334498,"74,9634"
158.95,157.39 ,"11.920,00",2022-02-11 13:36:58.420299,"75,1115"
158.95,157.39 ,"11.907,00",2022-02-11 13:42:03.930903,"75,0859"
158.95,157.39 ,"11.907,00",2022-02-11 13:47:09.505033,"75,0095"
158.94,157.39 ,"11.935,00",2022-02-11 13:52:28.788246,"75,0018"
158.94,157.39 ,"11.935,00",2022-02-11 13:57:39.393389,"74,9927"
158.94,157.39 ,"11.922,00",2022-02-11 14:02:52.194064,"75,0191"
158.9,157.39 ,"11.866,00",2022-02-11 14:08:34.119341,"75,0393"
158.9,157.39 ,"11.866,00",2022-02-11 14:13:40.725666,"75,0617"
158.59,157.39 ,"11.920,00",2022-02-11 14:18:47.908801,"75,0943"
158.59,157.39 ,"11.889,00",2022-02-11 14:23:55.020772,"75,0993"
158.59,157.39 ,"11.889,00",2022-02-11 14:29:03.352354,"75,0828"
158.04,157.39 ,"11.889,00",2022-02-11 14:34:10.574759,"75,0799"
158.04,157.39 ,"11.889,00",2022-02-11 14:39:17.196930,"75,0595"
158.04,157.39 ,"11.889,00",2022-02-11 14:44:23.079050,"75,0470"
158.15,157.39 ,"11.889,00",2022-02-11 14:49:30.780258,"75,2016"
158.15,157.39 ,"11.889,00",2022-02-11 14:54:37.741986,"75,2507"
158.15,157.39 ,"11.889,00",2022-02-11 14:59:44.938908,"75,1858"
158.16,157.39 ,"11.889,00",2022-02-11 15:04:52.383216,"75,1278"
158.16,157.39 ,"11.930,00",2022-02-11 15:09:59.125508,"75,0412"
158.16,157.39 ,"11.930,00",2022-02-11 15:15:06.662602,"75,0855"
158.47,160.73 ,"11.954,00",2022-02-11 15:20:14.319545,"75,0985"
158.47,160.73 ,"11.980,00",2022-02-11 15:25:19.477788,"75,0656"
158.47,160.73 ,"12.089,00",2022-02-11 15:30:26.771891,"75,0880"
158.47,160.73 ,"12.110,00",2022-02-11 15:35:32.409538,"75,1400"
158.47,160.73 ,"12.058,00",2022-02-11 15:40:39.110460,"75,2227"
158.47,160.73 ,"12.086,00",2022-02-11 15:45:46.721125,"75,1900"
160.63,160.73 ,"12.086,00",2022-02-11 15:50:55.618974,"75,2052"
160.63,160.73 ,"12.086,00",2022-02-11 15:56:01.175476,"75,2280"
160.63,160.73 ,"12.086,00",2022-02-11 16:01:06.855154,"75,2334"
160.58,160.73 ,"12.086,00",2022-02-11 16:06:12.165311,"75,3452"
160.58,160.73 ,"12.086,00",2022-02-11 16:11:17.556653,"75,3488"
160.58,160.73 ,"12.094,00",2022-02-11 16:16:23.307864,"75,4479"
160.58,160.73 ,"12.126,00",2022-02-11 16:21:29.770777,"75,5754"
160.58,160.73 ,"12.119,00",2022-02-11 16:26:36.270217,"75,5682"
160.58,160.73 ,"12.150,00",2022-02-11 16:31:41.415010,"75,4547"
161.12,160.73 ,"12.179,00",2022-02-11 16:36:45.709765,"75,5733"
161.12,160.73 ,"12.206,00",2022-02-11 16:41:50.370759,"75,5487"
161.12,160.73 ,"12.206,00",2022-02-11 16:46:54.677903,"75,6794"
161.57,160.73 ,"12.220,00",2022-02-11 16:51:59.900562,"75,7030"
161.57,160.73 ,"12.225,00",2022-02-11 16:57:04.727038,"75,7419"
161.57,160.73 ,"12.225,00",2022-02-11 17:02:09.230046,"75,8559"
161.63,160.73 ,"12.231,00",2022-02-11 17:07:14.277728,"75,8357"
161.63,160.73 ,"12.223,00",2022-02-11 17:12:19.751776,"75,8871"
161.63,160.73 ,"12.206,00",2022-02-11 17:17:24.519221,"75,8565"
160.96,160.73 ,"12.180,00",2022-02-11 17:22:30.178438,"75,9438"
160.96,160.73 ,"12.167,00",2022-02-11 17:27:34.786573,"75,8937"
160.96,160.73 ,"12.261,00",2022-02-11 17:32:40.300725,"75,7361"
161.25,163.17 ,"12.307,00",2022-02-11 17:37:46.136998,"75,8427"
161.25,163.17 ,"12.309,00",2022-02-11 17:42:51.740756,"75,9411"
161.25,165.51 ,"12.578,00",2022-02-11 17:48:19.117429,"75,9279"
162.75,165.51 ,"12.638,00",2022-02-11 17:53:33.030937,"75,9352"
162.75,165.51 ,"12.567,00",2022-02-11 17:58:41.608264,"75,9876"
162.75,165.51 ,"12.486,00",2022-02-11 18:03:47.846937,"76,0211"
162.75,165.51 ,"12.567,00",2022-02-11 18:08:53.596484,"76,0715"
162.75,165.51 ,"12.461,00",2022-02-11 18:13:59.647446,"75,8800"
162.75,165.51 ,"12.511,00",2022-02-11 18:19:05.970232,"75,9162"
159.79,158.81 ,"12.160,00",2022-02-14 11:28:56.826016,"76,9100"
158.62,158.81 ,"12.174,00",2022-02-14 11:34:20.068431,"76,8951"
158.62,158.81 ,"12.174,00",2022-02-14 11:39:25.209917,"76,9941"
158.62,158.81 ,"12.174,00",2022-02-14 11:44:29.766205,"77,0542"
158.76,158.81 ,"12.194,00",2022-02-14 11:49:36.186311,"77,0605"
158.76,158.81 ,"12.253,00",2022-02-14 11:54:41.525275,"77,1483"
158.76,158.50 ,"12.209,00",2022-02-14 11:59:46.184935,"77,1353"
158.48,157.49 ,"12.197,00",2022-02-14 12:04:52.262311,"77,1621"
158.48,157.49 ,"12.216,00",2022-02-14 12:10:09.123587,"77,1486"
158.48,157.49 ,"12.212,00",2022-02-14 12:15:13.475744,"77,1498"
157.79,157.49 ,"12.201,00",2022-02-14 12:20:22.824915,"77,0623"
157.79,157.49 ,"12.201,00",2022-02-14 12:25:27.162287,"77,1475"
157.79,157.49 ,"12.200,00",2022-02-14 12:30:32.164014,"77,1569"
158.02,157.49 ,"12.205,00",2022-02-14 12:35:38.292020,"77,0570"
158.02,157.49 ,"12.216,00",2022-02-14 12:40:44.993885,"77,1370"
158.02,157.49 ,"12.207,00",2022-02-14 12:45:53.900314,"77,2565"
158.03,157.49 ,"12.187,00",2022-02-14 12:50:59.424486,"77,2339"
158.03,157.49 ,"12.193,00",2022-02-14 12:56:06.245893,"77,2534"
158.03,157.49 ,"12.186,00",2022-02-14 13:01:11.274485,"77,2170"
157.69,157.49 ,"12.175,00",2022-02-14 13:06:16.522561,"77,2462"
157.69,157.49 ,"12.203,00",2022-02-14 13:11:23.408556,"77,2395"
157.69,157.49 ,"12.191,00",2022-02-14 13:16:28.019890,"77,1481"
157.76,157.49 ,"12.192,00",2022-02-14 13:21:33.679292,"77,1597"
157.76,157.49 ,"12.185,00",2022-02-14 13:26:38.420798,"76,5125"
157.76,157.49 ,"12.184,00",2022-02-14 13:31:42.460759,"76,6160"
157.82,157.49 ,"12.185,00",2022-02-14 13:36:48.509380,"76,7740"
157.82,157.49 ,"12.075,00",2022-02-14 13:41:55.210708,"76,8419"
157.82,157.49 ,"12.075,00",2022-02-14 13:47:01.384856,"76,9835"
157.81,157.49 ,"12.126,00",2022-02-14 13:52:07.896088,"77,0608"
157.81,157.49 ,"12.126,00",2022-02-14 13:57:18.721428,"76,9804"
157.81,157.49 ,"12.141,00",2022-02-14 14:02:24.712116,"76,9811"
157.89,157.49 ,"12.141,00",2022-02-14 14:07:30.955273,"77,1393"
157.89,157.49 ,"12.128,00",2022-02-14 14:12:36.262806,"77,1005"
157.89,157.49 ,"12.095,00",2022-02-14 14:17:42.379720,"77,1212"
157.39,157.49 ,"12.114,00",2022-02-14 14:22:47.989937,"77,1243"
157.39,157.49 ,"12.115,00",2022-02-14 14:27:52.640593,"77,0299"
157.39,157.49 ,"12.149,00",2022-02-14 14:32:57.373630,"77,0148"
156.99,157.49 ,"12.157,00",2022-02-14 14:38:02.182241,"76,9311"
156.99,157.49 ,"12.157,00",2022-02-14 14:43:08.716756,"76,9935"
157.39,157.49 ,"12.157,00",2022-02-14 14:48:14.096221,"77,0869"
157.39,157.49 ,"12.143,00",2022-02-14 14:53:18.909701,"77,1575"
157.39,157.49 ,"12.143,00",2022-02-14 14:58:23.317274,"77,0736"
157.76,157.49 ,"12.140,00",2022-02-14 15:03:29.061047,"77,1126"
157.76,157.49 ,"12.140,00",2022-02-14 15:08:34.138968,"77,1515"
157.76,157.49 ,"12.140,00",2022-02-14 15:13:40.958924,"77,1752"
157.19,157.49 ,"12.119,00",2022-02-14 15:18:45.861621,"77,0517"
157.19,157.49 ,"12.119,00",2022-02-14 15:23:50.922055,"76,9395"
157.19,157.49 ,"12.123,00",2022-02-14 15:28:55.792997,"76,1742"
157.18,157.49 ,"12.115,00",2022-02-14 15:34:01.183727,"76,2045"
157.18,157.49 ,"12.026,00",2022-02-14 15:39:23.375259,"76,3286"
157.18,157.49 ,"12.056,00",2022-02-14 15:44:29.288087,"76,3789"
145.21,143.65 ,"10.900,00",2022-02-15 12:23:10.519741,"75,4890"
145.21,143.65 ,"10.900,00",2022-02-15 12:28:15.684498,"75,4608"
145.08,143.65 ,"10.922,00",2022-02-15 12:33:20.084423,"75,4901"
145.08,143.65 ,"10.900,00",2022-02-15 12:38:24.599097,"75,5480"
145.08,143.65 ,"10.895,00",2022-02-15 12:43:29.987084,"75,5145"
144.1,143.65 ,"10.877,00",2022-02-15 12:48:34.934113,"75,4413"
144.1,143.65 ,"10.882,00",2022-02-15 12:53:40.590262,"75,4525"
144.1,143.65 ,"10.889,00",2022-02-15 12:58:46.534775,"75,4013"
144.14,143.65 ,"10.889,00",2022-02-15 13:03:53.845141,"75,4473"
144.14,143.65 ,"10.889,00",2022-02-15 13:08:59.506632,"75,5038"
144.14,143.65 ,"10.885,00",2022-02-15 13:14:06.229477,"75,7067"
144.14,143.65 ,"10.908,00",2022-02-15 13:19:11.488870,"75,5986"
144.14,143.65 ,"10.922,00",2022-02-15 13:24:16.141821,"75,7114"
144.14,143.65 ,"10.926,00",2022-02-15 13:29:22.321366,"75,7086"
144.35,143.65 ,"10.898,00",2022-02-15 13:34:27.930382,"75,7139"
144.35,143.65 ,"10.926,00",2022-02-15 13:39:35.124738,"75,7681"
144.35,143.65 ,"10.926,00",2022-02-15 13:44:42.002389,"75,7608"
144.52,143.65 ,"10.950,00",2022-02-15 13:49:47.513778,"75,8082"
144.52,143.65 ,"10.997,00",2022-02-15 13:54:53.346865,"75,7382"
144.52,143.65 ,"10.951,00",2022-02-15 13:59:58.707570,"75,7362"
144.57,143.65 ,"10.933,00",2022-02-15 14:05:04.684259,"75,5818"
144.57,143.65 ,"10.956,00",2022-02-15 14:10:09.234693,"75,5627"
144.57,143.65 ,"10.966,00",2022-02-15 14:15:14.371415,"75,5638"
144.48,143.65 ,"10.956,00",2022-02-15 14:20:20.210053,"75,5417"
144.48,143.65 ,"10.945,00",2022-02-15 14:25:25.758540,"75,4394"
144.48,143.65 ,"10.945,00",2022-02-15 14:30:31.351776,"75,4221"
144.48,143.65 ,"10.945,00",2022-02-15 14:35:36.115099,"75,4840"
151.86,150.10 ,"11.365,00",2022-02-16 11:08:45.307890,"74,9233"
151.86,149.23 ,"11.187,00",2022-02-16 11:13:49.608799,"74,9490"
149.70000000000002,150.18 ,"11.280,00",2022-02-16 11:18:57.194567,"74,9771"
149.70000000000002,150.62 ,"11.300,00",2022-02-16 11:24:04.441191,"74,9665"
149.70000000000002,150.18 ,"11.271,00",2022-02-16 11:29:11.113339,"74,9708"
150.19,149.74 ,"11.218,00",2022-02-16 11:34:16.657942,"74,9223"
150.19,150.68 ,"11.206,00",2022-02-16 11:39:23.571129,"74,9250"
150.19,150.41 ,"11.308,00",2022-02-16 11:44:30.805201,"74,9585"
150.54,150.41 ,"11.255,00",2022-02-16 11:49:38.256143,"74,9489"
150.54,149.98 ,"11.261,00",2022-02-16 11:54:44.467119,"75,0713"
150.54,150.64 ,"11.259,00",2022-02-16 11:59:50.674742,"75,0565"
150.64,150.66 ,"11.237,00",2022-02-16 12:04:56.995321,"75,2087"
150.64,150.66 ,"11.255,00",2022-02-16 12:10:02.700586,"75,1536"
150.64,150.66 ,"11.228,00",2022-02-16 12:15:10.125069,"75,0651"
149.71,150.66 ,"11.229,00",2022-02-16 12:20:15.863032,"75,0841"
149.71,150.66 ,"11.222,00",2022-02-16 12:25:21.935711,"75,1178"
149.71,150.66 ,"11.243,00",2022-02-16 12:30:28.320979,"75,0723"
149.43,150.66 ,"11.241,00",2022-02-16 12:35:33.633088,"75,0756"
149.43,150.66 ,"11.233,00",2022-02-16 12:40:39.608118,"75,1918"
149.43,150.66 ,"11.233,00",2022-02-16 12:45:47.756984,"75,1749"
149.59,150.66 ,"11.216,00",2022-02-16 12:50:54.042097,"75,1411"
149.59,150.66 ,"11.227,00",2022-02-16 12:56:00.455066,"75,1354"
149.59,150.66 ,"11.225,00",2022-02-16 13:01:08.152586,"75,0719"
149.24,150.66 ,"11.222,00",2022-02-16 13:06:22.014325,"75,1204"
149.24,150.66 ,"11.222,00",2022-02-16 13:11:28.483701,"75,0690"
149.24,150.66 ,"11.217,00",2022-02-16 13:16:33.521723,"75,0808"
149.5,150.66 ,"11.234,00",2022-02-16 13:21:44.484903,"75,0722"
149.5,150.66 ,"11.217,00",2022-02-16 13:26:50.411957,"75,0660"
149.5,150.66 ,"11.198,00",2022-02-16 13:32:00.434796,"75,0688"
149.34,148.53 ,"11.146,00",2022-02-16 13:37:06.478466,"75,0043"
149.34,148.53 ,"11.111,00",2022-02-16 13:42:11.775333,"74,9940"
149.34,148.53 ,"11.089,00",2022-02-16 13:47:17.086651,"74,9331"
147.95,148.53 ,"11.066,00",2022-02-16 13:52:22.137143,"75,0023"
147.95,148.53 ,"11.060,00",2022-02-16 13:57:29.259500,"75,0204"
147.95,148.53 ,"11.054,00",2022-02-16 14:02:35.560293,"75,0417"
147.49,148.53 ,"11.055,00",2022-02-16 14:07:43.993351,"75,0590"
147.49,148.53 ,"11.070,00",2022-02-16 14:12:49.940275,"75,0573"
147.49,148.53 ,"11.070,00",2022-02-16 14:17:54.979603,"74,9938"
147.61,148.53 ,"11.105,00",2022-02-16 14:23:00.003055,"74,9423"
147.61,148.53 ,"11.105,00",2022-02-16 14:28:07.491576,"74,9753"
147.61,148.53 ,"11.101,00",2022-02-16 14:33:13.482557,"74,9520"
147.94,148.53 ,"11.098,00",2022-02-16 14:38:18.064592,"74,9438"
147.94,148.53 ,"11.098,00",2022-02-16 14:43:23.180235,"74,9127"
150.71,150.74 ,"11.440,00",2022-02-17 13:08:36.164472,"75,8768"
150.71,150.74 ,"11.440,00",2022-02-17 13:13:42.909946,"75,8765"
150.59,150.74 ,"11.440,00",2022-02-17 13:18:46.931082,"75,8666"
150.59,150.74 ,"11.417,00",2022-02-17 13:23:51.988619,"75,7946"
150.59,150.74 ,"11.445,00",2022-02-17 13:28:59.076684,"75,8303"
150.34,150.74 ,"11.445,00",2022-02-17 13:34:10.915951,"75,8302"
150.34,150.74 ,"11.445,00",2022-02-17 13:39:16.508035,"75,8416"
150.34,150.74 ,"11.445,00",2022-02-17 13:44:21.092026,"75,8245"
150.57,150.74 ,"11.427,00",2022-02-17 13:49:26.123983,"75,9043"
150.57,150.74 ,"11.387,00",2022-02-17 13:54:32.656530,"75,9206"
150.57,150.74 ,"11.387,00",2022-02-17 13:59:37.622714,"75,9501"
150.57,150.74 ,"11.387,00",2022-02-17 14:04:42.089469,"75,9473"
150.57,150.74 ,"11.387,00",2022-02-17 14:09:47.955443,"75,9683"
150.57,150.74 ,"11.392,00",2022-02-17 14:14:54.074965,"75,9110"
150.25,150.74 ,"11.392,00",2022-02-17 14:20:00.723485,"75,9148"
150.25,150.74 ,"11.392,00",2022-02-17 14:25:05.692507,"75,8940"
150.25,150.74 ,"11.391,00",2022-02-17 14:30:10.702824,"75,9250"
150.08,150.74 ,"11.391,00",2022-02-17 14:35:17.124027,"75,9500"
150.08,150.74 ,"11.391,00",2022-02-17 14:40:23.159268,"75,9596"
150.08,150.74 ,"11.333,00",2022-02-17 14:45:36.759543,"75,7570"
150.03,150.74 ,"11.333,00",2022-02-17 14:50:48.767402,"75,7265"
150.03,150.74 ,"11.375,00",2022-02-17 14:55:54.055758,"75,7946"
150.03,150.74 ,"11.375,00",2022-02-17 15:01:04.581486,"75,6789"
150.03,150.74 ,"11.375,00",2022-02-17 15:06:09.961772,"75,6520"
150.03,150.74 ,"11.375,00",2022-02-17 15:11:15.307207,"75,6600"
150.03,150.74 ,"11.388,00",2022-02-17 15:16:19.999699,"75,7114"
149.91,150.74 ,"11.399,00",2022-02-17 15:21:26.594706,"75,7266"
149.91,150.74 ,"11.395,00",2022-02-17 15:26:35.341509,"75,7189"
149.91,150.74 ,"11.395,00",2022-02-17 15:31:41.472255,"75,7192"
149.91,150.74 ,"11.395,00",2022-02-17 15:36:54.831701,"75,6430"
149.91,150.74 ,"11.395,00",2022-02-17 15:42:00.362225,"75,6798"
149.91,150.74 ,"11.395,00",2022-02-17 15:47:06.614268,"75,6729"
150.44,150.74 ,"11.413,00",2022-02-17 15:52:12.551809,"75,7535"
150.44,150.74 ,"11.405,00",2022-02-17 15:57:21.351106,"75,8780"
150.44,150.74 ,"11.405,00",2022-02-17 16:02:27.633935,"76,0196"
150.56,150.74 ,"11.394,00",2022-02-17 16:07:34.543751,"76,0214"
150.56,150.74 ,"11.376,00",2022-02-17 16:12:41.370216,"75,8873"
150.56,150.74 ,"11.434,00",2022-02-17 16:17:47.120117,"75,8809"
150.56,150.74 ,"11.434,00",2022-02-17 16:22:54.106081,"75,9527"
150.56,150.74 ,"11.434,00",2022-02-17 16:28:00.675390,"75,9798"
147.21,147.13 ,"11.127,00",2022-02-18 11:42:30.393249,"75,8366"
147.21,147.13 ,"11.127,00",2022-02-18 11:47:36.309681,"75,8522"
147.21,147.13 ,"11.134,00",2022-02-18 11:52:42.929702,"75,8829"
147.21,147.13 ,"11.137,00",2022-02-18 11:57:48.625948,"75,9322"
147.05,146.87 ,"11.177,00",2022-02-18 12:02:55.142790,"75,9310"
147.05,146.87 ,"11.177,00",2022-02-18 12:08:03.718256,"75,9203"
147.05,146.87 ,"11.175,00",2022-02-18 12:13:10.647540,"75,9004"
147.07,146.87 ,"11.175,00",2022-02-18 12:18:16.937674,"75,8585"
147.07,146.87 ,"11.181,00",2022-02-18 12:23:23.067453,"75,8544"
147.07,146.87 ,"11.181,00",2022-02-18 12:28:28.524803,"75,8493"
147.07,146.87 ,"11.181,00",2022-02-18 12:33:33.660544,"75,8309"
147.07,146.87 ,"11.181,00",2022-02-18 12:38:39.658509,"75,7496"
147.07,146.87 ,"11.181,00",2022-02-18 12:43:45.309418,"75,7684"
147.07,146.87 ,"11.200,00",2022-02-18 12:48:51.636399,"75,7554"
147.07,146.87 ,"11.168,00",2022-02-18 12:53:58.015303,"75,8108"
147.07,146.87 ,"11.168,00",2022-02-18 12:59:06.835733,"75,7685"
147.33,146.87 ,"11.168,00",2022-02-18 13:04:12.897017,"75,7730"
147.33,146.87 ,"11.168,00",2022-02-18 13:09:29.862068,"75,7401"
147.33,146.87 ,"11.168,00",2022-02-18 13:14:34.649251,"75,7444"
147.19,146.87 ,"11.168,00",2022-02-18 13:19:38.632228,"75,7633"
147.19,146.87 ,"11.153,00",2022-02-18 13:24:43.033774,"75,7494"
147.19,146.87 ,"11.153,00",2022-02-18 13:29:48.237718,"75,7388"
147.19,146.87 ,"11.145,00",2022-02-18 13:34:57.227507,"75,7420"
147.19,146.87 ,"11.145,00",2022-02-18 13:40:03.834855,"75,7398"
147.19,146.87 ,"11.142,00",2022-02-18 13:46:34.019173,"75,7513"
147.19,146.87 ,"11.142,00",2022-02-18 13:51:38.671827,"75,7873"
147.19,146.87 ,"11.142,00",2022-02-18 13:56:44.476264,"75,7637"
147.19,146.87 ,"11.105,00",2022-02-18 14:01:51.475328,"75,7908"
147.19,146.87 ,"11.105,00",2022-02-18 14:06:57.829894,"75,7791"
147.19,146.87 ,"11.105,00",2022-02-18 14:12:03.265926,"75,8076"
147.19,146.87 ,"11.070,00",2022-02-18 14:17:08.564723,"75,8166"
147.19,146.87 ,"11.070,00",2022-02-18 14:22:14.322671,"75,7936"
147.19,146.87 ,"11.070,00",2022-02-18 14:27:19.841106,"75,7524"
147.19,146.87 ,"11.152,00",2022-02-18 14:32:24.760928,"75,7790"
146.85,146.87 ,"11.152,00",2022-02-18 14:37:33.567334,"75,8590"
146.85,146.87 ,"11.152,00",2022-02-18 14:42:38.696619,"75,8721"
146.85,146.87 ,"11.152,00",2022-02-18 14:47:43.914944,"75,8702"
146.85,146.87 ,"11.152,00",2022-02-18 14:52:51.375909,"75,8840"
146.85,146.87 ,"11.151,00",2022-02-18 14:57:57.573406,"75,9208"
146.85,146.87 ,"11.151,00",2022-02-18 15:03:02.242931,"75,9227"
146.85,146.87 ,"11.152,00",2022-02-18 15:08:07.577017,"75,8605"
146.85,146.87 ,"11.141,00",2022-02-18 15:13:12.971287,"75,8708"
146.85,146.87 ,"11.153,00",2022-02-18 15:18:21.578498,"75,8397"
146.85,146.87 ,"11.157,00",2022-02-18 15:23:27.799573,"75,8390"
146.85,146.87 ,"11.153,00",2022-02-18 15:28:31.816827,"75,8769"
141.35,146.13 ,"12.000,00",2022-02-24 17:35:08.808280,"85,6578"
141.35,143.54 ,"11.500,00",2022-02-24 17:40:17.961065,"85,9523"
141.35,145.37 ,"11.000,00",2022-02-24 17:45:25.919848,"86,2381"
144.36,145.37 ,"10.801,00",2022-02-24 17:50:34.940529,"86,4183"
144.36,145.37 ,"11.000,00",2022-02-24 17:55:42.606849,"86,3245"
144.36,147.75 ,"12.300,00",2022-02-24 18:00:50.960310,"86,2220"
147.15,148.10 ,"12.090,00",2022-02-24 18:06:01.620117,"86,7315"
147.15,150.27 ,"12.100,00",2022-02-24 18:11:08.228059,"86,5910"
147.15,150.27 ,"12.200,00",2022-02-24 18:16:15.219433,"86,7253"
150.16,150.27 ,"12.000,00",2022-02-24 18:21:22.614052,"86,7575"
150.16,147.87 ,"11.100,00",2022-02-24 18:26:30.024918,"87,2351"
150.16,145.60 ,"11.198,00",2022-02-24 18:31:37.837496,"87,4240"
146.53,145.60 ,"11.011,00",2022-02-24 18:36:47.782340,"87,2658"
146.53,145.60 ,"11.011,00",2022-02-24 18:41:59.356010,"86,9128"
146.53,148.08 ,"11.001,00",2022-02-24 18:47:18.899553,"87,0534"
146.45,148.08 ,"11.001,00",2022-02-24 18:52:27.748345,"87,0024"
146.45,150.19 ,"11.198,00",2022-02-24 18:57:41.294815,"87,1558"
