61.33,61.15 ,"4.683,40",2022-01-20 12:30:18.168691,"76,5988"
61.33,61.20 ,"4.691,20",2022-01-20 12:35:24.799858,"76,5672"
61.33,61.17 ,"4.688,00",2022-01-20 12:40:30.256759,"76,5010"
61.33,61.01 ,"4.660,80",2022-01-20 12:45:37.039753,"76,5429"
61.33,61.05 ,"4.683,00",2022-01-20 12:50:45.967796,"76,5455"
61.33,61.01 ,"4.670,20",2022-01-20 12:55:53.562680,"76,5748"
61.33,61.12 ,"4.674,40",2022-01-20 13:01:01.371427,"76,5063"
61.33,61.36 ,"4.693,80",2022-01-20 13:06:13.093429,"76,4880"
61.33,61.47 ,"4.697,00",2022-01-20 13:11:20.637220,"76,4605"
61.33,62.30 ,"4.762,00",2022-01-20 13:16:28.101048,"76,4707"
61.33,62.46 ,"4.773,00",2022-01-20 13:21:34.578966,"76,5379"
61.33,62.35 ,"4.769,80",2022-01-20 13:26:40.336301,"76,5273"
61.33,62.45 ,"4.780,00",2022-01-20 13:31:45.209344,"76,5331"
61.33,62.49 ,"4.780,60",2022-01-20 13:36:50.487260,"76,5088"
61.33,62.53 ,"4.786,80",2022-01-20 13:41:55.960166,"76,5508"
61.33,62.45 ,"4.783,80",2022-01-20 13:47:00.640914,"76,6292"
61.33,62.35 ,"4.772,20",2022-01-20 13:52:07.013493,"76,6759"
61.33,62.50 ,"4.785,20",2022-01-20 13:57:13.045378,"76,6313"
61.33,62.47 ,"4.783,40",2022-01-20 14:02:18.636522,"76,6478"
61.33,62.35 ,"4.781,00",2022-01-20 14:07:24.026328,"76,6502"
61.33,62.58 ,"4.787,80",2022-01-20 14:12:30.438123,"76,5514"
61.33,62.55 ,"4.790,80",2022-01-20 14:17:36.805664,"76,5378"
61.33,62.43 ,"4.784,60",2022-01-20 14:22:42.348924,"76,5947"
61.33,62.82 ,"4.804,00",2022-01-20 14:27:47.927957,"76,6564"
61.33,62.59 ,"4.783,00",2022-01-20 14:32:53.486657,"76,6612"
61.33,62.53 ,"4.797,20",2022-01-20 14:37:59.133953,"76,6459"
61.33,62.69 ,"4.818,60",2022-01-20 14:43:07.176308,"76,6619"
61.33,62.89 ,"4.824,80",2022-01-20 14:48:16.068536,"76,6410"
61.33,62.89 ,"4.818,80",2022-01-20 14:53:26.671383,"76,6601"
61.33,62.75 ,"4.806,20",2022-01-20 14:58:32.898284,"76,6693"
61.33,62.59 ,"4.798,00",2022-01-20 15:03:39.540529,"76,6910"
61.33,62.15 ,"4.771,80",2022-01-20 15:08:44.691585,"76,6575"
61.33,62.09 ,"4.762,60",2022-01-20 15:13:49.544485,"76,6844"
61.33,61.79 ,"4.726,20",2022-01-20 15:43:55.062647,"76,6199"
61.33,61.46 ,"4.716,60",2022-01-20 15:49:01.897040,"76,6410"
61.33,61.68 ,"4.714,60",2022-01-20 15:54:08.459429,"76,6418"
61.33,61.96 ,"4.749,80",2022-01-20 15:59:16.322798,"76,6400"
61.33,61.95 ,"4.739,80",2022-01-20 16:04:24.277858,"76,6478"
61.33,62.18 ,"4.771,00",2022-01-20 16:09:30.238622,"76,5563"
61.33,62.12 ,"4.764,60",2022-01-20 16:14:35.134678,"76,5710"
61.33,62.26 ,"4.767,60",2022-01-20 16:19:41.550406,"76,5837"
61.33,62.55 ,"4.789,00",2022-01-20 16:24:46.356465,"76,6329"
61.33,62.60 ,"4.791,00",2022-01-20 16:29:51.002294,"76,5775"
62.79,63.14 ,"4.838,40",2022-01-20 16:34:56.010499,"76,6367"
62.82,63.04 ,"4.818,20",2022-01-21 13:28:50.870399,"76,5293"
62.82,63.21 ,"4.832,20",2022-01-21 13:34:03.147025,"76,4952"
63.08,62.94 ,"4.816,60",2022-01-21 13:39:08.567837,"76,5338"
63.08,62.97 ,"4.818,00",2022-01-21 13:44:20.208932,"76,5382"
62.98,62.94 ,"4.811,20",2022-01-21 13:49:29.315347,"76,5826"
62.98,63.20 ,"4.839,60",2022-01-21 13:54:33.723034,"76,6701"
62.98,63.21 ,"4.838,00",2022-01-21 13:59:40.556468,"76,6631"
63.19,63.59 ,"4.876,00",2022-01-21 14:04:46.158630,"76,6855"
63.19,63.47 ,"4.851,80",2022-01-21 14:09:50.986068,"76,6674"
63.19,63.60 ,"4.885,20",2022-01-21 14:14:55.238298,"76,6974"
63.49,63.35 ,"4.861,40",2022-01-21 14:20:01.441436,"76,7369"
63.49,63.65 ,"4.867,20",2022-01-21 14:25:07.899616,"76,7590"
63.49,63.68 ,"4.886,00",2022-01-21 14:30:14.181419,"76,8493"
63.57,63.45 ,"4.859,60",2022-01-21 14:35:22.035698,"76,8368"
63.57,63.02 ,"4.876,20",2022-01-21 14:40:29.051898,"76,6618"
63.57,62.80 ,"4.836,20",2022-01-21 14:45:34.971927,"76,6611"
62.95,62.84 ,"4.810,20",2022-01-21 14:50:41.297330,"76,5843"
62.95,63.38 ,"4.831,40",2022-01-21 14:55:46.914702,"76,5580"
62.95,63.41 ,"4.873,20",2022-01-21 15:00:54.019596,"76,5783"
63.48,63.72 ,"4.879,80",2022-01-21 15:06:00.822572,"76,6280"
63.48,64.06 ,"4.900,00",2022-01-21 15:11:06.386977,"76,6616"
63.48,64.04 ,"4.901,40",2022-01-21 15:16:11.559003,"76,6250"
63.98,63.99 ,"4.894,00",2022-01-21 15:21:21.833431,"76,6093"
63.98,64.15 ,"4.915,80",2022-01-21 15:26:26.357763,"76,5313"
63.98,64.04 ,"4.920,60",2022-01-21 15:31:32.339774,"76,4623"
64.17,64.44 ,"4.935,00",2022-01-21 15:36:37.598563,"76,3335"
64.17,64.30 ,"4.919,80",2022-01-21 15:41:42.786214,"76,3359"
64.17,64.15 ,"4.910,00",2022-01-21 15:46:47.600973,"76,3908"
64.17,64.31 ,"4.901,40",2022-01-21 15:51:54.102443,"76,4266"
64.17,64.30 ,"4.915,00",2022-01-21 15:57:01.912406,"76,4431"
64.17,64.33 ,"4.901,40",2022-01-21 16:02:09.193971,"76,5453"
64.36,64.53 ,"4.932,00",2022-01-21 16:07:15.567717,"76,4678"
64.36,64.31 ,"4.920,20",2022-01-21 16:12:21.157178,"76,4633"
64.36,64.33 ,"4.930,00",2022-01-21 16:17:26.624196,"76,4596"
64.37,64.37 ,"4.925,00",2022-01-21 16:22:31.954030,"76,4600"
64.37,64.31 ,"4.923,00",2022-01-21 16:27:39.155993,"76,4563"
64.37,64.28 ,"4.914,00",2022-01-21 16:32:45.223800,"76,4983"
64.33,64.40 ,"4.924,40",2022-01-21 16:37:50.204461,"76,6172"
64.33,64.53 ,"4.934,60",2022-01-21 16:42:55.149041,"76,6002"
64.33,64.53 ,"4.936,00",2022-01-21 16:48:02.493962,"76,6393"
64.43,64.63 ,"4.955,60",2022-01-21 16:53:08.854988,"76,6888"
64.43,64.63 ,"4.956,00",2022-01-21 16:58:23.526740,"76,7784"
64.43,64.55 ,"4.949,60",2022-01-21 17:03:31.773685,"76,8048"
64.59,64.51 ,"4.948,40",2022-01-21 17:08:37.705566,"76,8404"
64.59,64.58 ,"4.954,20",2022-01-21 17:13:44.131501,"76,8215"
64.59,64.61 ,"4.962,60",2022-01-21 17:18:50.761167,"76,8767"
64.51,64.43 ,"4.955,00",2022-01-21 17:23:55.806093,"76,9720"
58.88,59.53 ,"4.669,20",2022-01-25 11:40:25.226343,"78,6907"
58.88,59.33 ,"4.667,60",2022-01-25 11:45:33.662940,"78,7148"
59.32,59.34 ,"4.689,20",2022-01-25 11:50:41.287093,"78,7322"
59.32,59.54 ,"4.695,60",2022-01-25 11:56:03.776569,"78,6630"
59.32,59.90 ,"4.717,20",2022-01-25 12:01:10.763820,"78,6327"
59.93,59.94 ,"4.724,20",2022-01-25 12:06:17.693929,"78,6177"
59.93,60.33 ,"4.743,60",2022-01-25 12:11:25.234216,"78,5187"
59.93,60.02 ,"4.715,40",2022-01-25 12:16:33.123573,"78,4871"
60.22,60.27 ,"4.730,80",2022-01-25 12:21:39.676846,"78,5716"
60.22,60.73 ,"4.746,00",2022-01-25 12:26:47.033808,"78,5784"
60.22,60.89 ,"4.778,00",2022-01-25 12:31:54.142157,"78,5278"
60.68,60.97 ,"4.800,00",2022-01-25 12:37:01.029944,"78,5264"
60.68,60.99 ,"4.780,00",2022-01-25 12:42:08.153404,"78,5330"
60.68,61.43 ,"4.810,20",2022-01-25 12:47:14.286651,"78,5796"
61.09,61.42 ,"4.821,60",2022-01-25 12:52:21.302611,"78,5708"
61.09,61.37 ,"4.817,40",2022-01-25 12:57:29.656995,"78,5563"
61.09,60.97 ,"4.795,60",2022-01-25 13:02:36.287453,"78,5942"
61.32,61.20 ,"4.802,60",2022-01-25 13:07:46.764502,"78,5472"
61.32,61.24 ,"4.810,80",2022-01-25 13:12:57.588319,"78,5749"
61.32,61.36 ,"4.821,60",2022-01-25 13:18:05.759163,"78,6313"
61.34,61.19 ,"4.826,60",2022-01-25 13:23:11.566121,"78,6347"
61.34,61.26 ,"4.820,00",2022-01-25 13:28:18.050483,"78,6411"
61.3,61.39 ,"4.819,20",2022-01-25 13:33:28.265711,"78,6191"
61.3,61.40 ,"4.852,00",2022-01-25 13:38:33.775320,"78,5341"
61.3,61.82 ,"4.844,20",2022-01-25 13:43:40.022448,"78,4565"
61.8,61.89 ,"4.864,80",2022-01-25 13:48:46.216397,"78,4873"
61.8,62.06 ,"4.872,60",2022-01-25 13:53:59.904690,"78,5391"
65.36,65.18 ,"5.163,40",2022-01-26 16:21:46.084675,"79,1276"
65.36,65.23 ,"5.162,20",2022-01-26 16:26:53.689662,"79,1088"
65.36,65.51 ,"5.184,80",2022-01-26 16:32:03.464218,"79,1298"
65.4,65.56 ,"5.186,60",2022-01-26 16:37:11.393117,"79,1353"
65.4,65.44 ,"5.173,40",2022-01-26 16:42:22.678701,"79,1127"
65.4,65.39 ,"5.177,40",2022-01-26 16:47:29.933941,"79,1500"
65.41,65.35 ,"5.168,00",2022-01-26 16:52:38.417306,"79,1997"
65.41,65.35 ,"5.163,60",2022-01-26 16:57:47.587088,"79,1769"
65.41,66.08 ,"5.230,00",2022-01-26 17:03:22.221664,"79,1889"
65.98,65.73 ,"5.198,00",2022-01-26 17:08:28.368309,"79,1880"
65.98,65.84 ,"5.218,00",2022-01-26 17:13:35.171185,"79,1860"
65.98,66.18 ,"5.227,20",2022-01-26 17:18:41.502774,"79,1818"
66.01,66.03 ,"5.227,00",2022-01-26 17:23:57.931922,"79,1999"
66.01,66.23 ,"5.233,40",2022-01-26 17:29:14.642630,"79,1904"
66.01,66.05 ,"5.230,00",2022-01-26 17:34:23.765434,"79,2617"
66.07,65.45 ,"5.177,80",2022-01-26 17:39:29.920534,"79,1895"
66.07,64.78 ,"5.130,60",2022-01-26 17:44:35.660991,"79,2219"
66.07,65.25 ,"5.172,40",2022-01-26 17:49:40.915254,"79,2409"
65.12,65.41 ,"5.180,40",2022-01-26 17:54:46.084332,"79,2478"
65.12,65.79 ,"5.209,60",2022-01-26 17:59:50.840716,"79,4291"
65.12,65.88 ,"5.215,00",2022-01-26 18:04:55.377169,"79,5517"
65.65,66.15 ,"5.205,00",2022-01-26 18:10:02.138172,"79,5986"
65.65,65.53 ,"5.218,00",2022-01-26 18:15:14.174418,"79,6738"
65.65,65.30 ,"5.216,80",2022-01-26 18:20:32.474955,"79,7743"
64.27,64.41 ,"5.092,00",2022-01-27 11:04:04.166582,"78,5112"
64.27,64.41 ,"5.092,00",2022-01-27 11:04:09.386230,"78,5112"
64.27,64.72 ,"5.121,40",2022-01-27 11:09:19.462224,"78,6050"
64.27,64.72 ,"5.121,40",2022-01-27 11:09:18.911511,"78,6050"
64.27,65.41 ,"5.147,20",2022-01-27 11:14:31.008670,"78,6114"
64.27,65.41 ,"5.147,20",2022-01-27 11:14:30.318989,"78,6114"
65.38,66.41 ,"5.202,00",2022-01-27 11:19:37.117993,"78,6007"
65.38,66.41 ,"5.183,00",2022-01-27 11:19:37.233196,"78,6007"
65.38,66.22 ,"5.217,00",2022-01-27 11:24:46.087255,"78,4717"
65.38,66.22 ,"5.217,00",2022-01-27 11:24:45.598720,"78,4717"
65.38,66.61 ,"5.245,00",2022-01-27 11:29:50.657938,"78,5128"
65.38,67.09 ,"5.245,00",2022-01-27 11:29:51.132938,"78,5128"
66.89,66.66 ,"5.275,00",2022-01-27 11:34:55.676697,"78,4015"
66.89,66.77 ,"5.275,00",2022-01-27 11:34:55.749616,"78,4015"
66.89,67.37 ,"5.288,60",2022-01-27 11:40:01.293973,"78,5600"
66.89,67.37 ,"5.288,60",2022-01-27 11:40:01.386336,"78,5600"
66.89,67.28 ,"5.287,60",2022-01-27 11:45:06.496830,"78,5260"
66.89,67.28 ,"5.287,60",2022-01-27 11:45:11.992734,"78,5260"
67.4,67.43 ,"5.285,60",2022-01-27 11:50:12.805507,"78,5691"
67.4,67.43 ,"5.285,60",2022-01-27 11:50:17.124430,"78,5691"
67.4,66.91 ,"5.259,00",2022-01-27 11:55:18.381914,"78,6084"
67.4,66.91 ,"5.259,00",2022-01-27 11:55:21.998488,"78,6084"
67.4,67.05 ,"5.263,20",2022-01-27 12:00:23.671385,"78,6605"
67.4,67.05 ,"5.263,20",2022-01-27 12:00:27.262677,"78,6605"
67.15,67.27 ,"5.293,40",2022-01-27 12:05:28.805704,"78,6863"
67.15,67.27 ,"5.293,40",2022-01-27 12:05:33.058134,"78,6863"
67.15,67.36 ,"5.302,40",2022-01-27 12:10:35.389643,"78,7168"
67.15,67.36 ,"5.302,40",2022-01-27 12:10:37.354537,"78,7168"
67.15,67.79 ,"5.331,60",2022-01-27 12:15:39.939904,"78,8051"
67.15,67.79 ,"5.331,60",2022-01-27 12:15:41.965414,"78,8051"
67.72,67.48 ,"5.316,00",2022-01-27 12:20:47.665344,"78,7560"
67.72,67.48 ,"5.311,20",2022-01-27 12:20:45.550655,"78,7760"
67.72,68.07 ,"5.359,80",2022-01-27 12:25:51.812069,"78,9440"
67.72,68.07 ,"5.356,80",2022-01-27 12:25:52.969105,"78,9440"
67.72,68.24 ,"5.364,00",2022-01-27 12:30:59.225387,"78,8870"
67.72,68.24 ,"5.364,00",2022-01-27 12:30:58.015705,"78,8870"
68.09,67.50 ,"5.349,00",2022-01-27 12:36:05.463194,"78,7838"
68.09,67.50 ,"5.349,00",2022-01-27 12:36:06.065950,"78,7838"
68.09,66.64 ,"5.261,00",2022-01-27 12:41:13.317058,"78,6990"
68.09,66.64 ,"5.261,00",2022-01-27 12:41:13.416116,"78,6990"
68.09,67.05 ,"5.300,60",2022-01-27 12:46:21.107573,"78,7414"
68.09,67.05 ,"5.300,60",2022-01-27 12:46:21.142556,"78,7414"
66.91,67.71 ,"5.338,80",2022-01-27 12:51:26.532294,"78,6613"
66.91,67.71 ,"5.338,80",2022-01-27 12:51:26.523715,"78,6613"
66.91,67.73 ,"5.326,20",2022-01-27 12:56:32.184608,"78,5881"
66.91,67.73 ,"5.326,20",2022-01-27 12:56:32.820226,"78,5881"
66.91,67.92 ,"5.345,00",2022-01-27 13:01:39.780140,"78,6524"
66.91,67.92 ,"5.345,00",2022-01-27 13:01:39.709842,"78,5978"
67.92,67.89 ,"5.343,00",2022-01-27 13:06:45.452743,"78,6704"
67.92,67.89 ,"5.343,00",2022-01-27 13:06:44.909097,"78,6704"
67.92,67.89 ,"5.352,20",2022-01-27 13:11:51.823355,"78,5697"
67.92,67.89 ,"5.352,20",2022-01-27 13:11:52.259924,"78,5697"
67.92,68.18 ,"5.351,80",2022-01-27 13:17:00.614230,"78,5565"
67.92,68.18 ,"5.351,80",2022-01-27 13:17:00.411001,"78,5565"
68.36,68.83 ,"5.400,20",2022-01-27 13:22:07.252679,"78,4469"
68.36,68.83 ,"5.400,20",2022-01-27 13:22:09.469968,"78,4469"
68.36,68.99 ,"5.420,00",2022-01-27 13:27:14.256900,"78,4143"
68.36,68.99 ,"5.420,00",2022-01-27 13:27:15.176284,"78,4143"
68.36,68.62 ,"5.380,80",2022-01-27 13:32:24.914883,"78,4120"
68.86,68.79 ,"5.382,20",2022-01-27 13:37:36.085654,"78,5636"
68.86,69.43 ,"5.441,20",2022-01-27 13:42:43.970044,"78,5262"
68.86,69.54 ,"5.436,00",2022-01-27 13:47:55.910369,"78,5621"
68.86,69.54 ,"5.436,00",2022-01-27 13:48:08.707630,"78,5621"
69.28,69.64 ,"5.476,00",2022-01-27 13:53:03.282919,"78,5244"
69.28,69.64 ,"5.468,80",2022-01-27 13:53:16.334295,"78,5244"
69.28,64.00 ,"5.458,40",2022-01-27 13:58:09.121544,"78,5374"
69.28,64.00 ,"5.462,00",2022-01-27 13:58:23.863990,"78,5374"
69.28,68.57 ,"5.402,40",2022-01-27 14:03:14.824277,"78,5650"
69.28,68.57 ,"5.420,40",2022-01-27 14:03:30.240250,"78,5518"
69.16,68.71 ,"5.409,00",2022-01-27 14:08:20.190354,"78,5722"
69.16,68.49 ,"5.390,00",2022-01-27 14:13:25.286375,"78,5431"
69.16,68.03 ,"5.344,40",2022-01-27 14:18:33.282457,"78,5658"
68.28,68.12 ,"5.353,00",2022-01-27 14:23:41.071817,"78,6147"
68.28,68.49 ,"5.381,00",2022-01-27 14:28:52.413270,"78,7635"
68.53,68.48 ,"5.376,20",2022-01-27 14:33:58.756506,"78,7467"
68.53,68.66 ,"5.390,00",2022-01-27 14:39:05.535822,"78,6845"
68.53,68.61 ,"5.404,00",2022-01-27 14:44:11.959289,"78,7030"
68.53,68.76 ,"5.416,20",2022-01-27 14:49:21.337543,"78,6038"
68.74,68.98 ,"5.434,60",2022-01-27 14:54:30.743117,"78,6835"
68.74,69.11 ,"5.447,80",2022-01-27 14:59:36.394554,"78,6518"
69.03,68.96 ,"5.438,20",2022-01-27 15:04:42.556905,"78,7177"
69.03,68.77 ,"5.406,20",2022-01-27 15:09:49.943877,"78,7705"
69.03,68.94 ,"5.426,20",2022-01-27 15:14:54.925152,"78,7847"
68.8,68.75 ,"5.410,00",2022-01-27 15:20:05.783492,"78,8382"
68.8,68.44 ,"5.403,00",2022-01-27 15:25:12.188087,"78,7661"
68.8,68.45 ,"5.393,00",2022-01-27 15:29:40.213191,"78,5485"
68.8,68.47 ,"5.393,00",2022-01-27 15:30:18.719177,"78,4432"
68.49,68.61 ,"5.410,00",2022-01-27 15:34:46.699125,"78,0646"
68.49,68.58 ,"5.410,00",2022-01-27 15:35:23.617209,"78,0103"
68.49,68.51 ,"5.399,40",2022-01-27 15:39:51.600395,"78,0557"
68.49,68.78 ,"5.399,40",2022-01-27 15:40:28.484555,"78,0732"
68.49,68.94 ,"5.414,80",2022-01-27 15:44:56.386107,"78,0178"
68.49,68.92 ,"5.414,80",2022-01-27 15:45:33.490361,"78,0363"
69.16,70.10 ,"5.466,80",2022-01-27 15:50:02.395162,"78,1115"
69.16,69.76 ,"5.480,00",2022-01-27 15:50:40.457881,"78,1115"
69.16,69.70 ,"5.453,00",2022-01-27 15:55:20.795937,"77,9817"
69.16,69.69 ,"5.446,80",2022-01-27 15:56:13.059907,"78,0019"
69.16,70.24 ,"5.471,80",2022-01-27 16:00:30.417200,"78,0772"
69.16,69.97 ,"5.477,60",2022-01-27 16:01:30.935129,"78,0845"
69.97,69.74 ,"5.460,80",2022-01-27 16:05:37.312979,"77,9447"
69.97,69.91 ,"5.450,00",2022-01-27 16:06:37.615126,"77,9388"
69.97,69.91 ,"5.463,00",2022-01-27 16:10:43.518531,"77,7660"
69.97,70.01 ,"5.465,20",2022-01-27 16:11:43.396383,"77,7197"
69.97,70.30 ,"5.462,00",2022-01-27 16:16:50.626638,"77,7163"
69.94,70.10 ,"5.462,40",2022-01-27 16:21:56.890531,"77,7794"
69.94,70.07 ,"5.473,60",2022-01-27 16:27:04.100800,"77,7886"
69.94,69.71 ,"5.442,00",2022-01-27 16:32:25.460408,"77,5955"
69.87,69.53 ,"5.417,20",2022-01-27 16:37:58.956155,"77,4846"
69.87,69.67 ,"5.424,00",2022-01-27 16:43:09.640123,"77,5487"
69.87,69.75 ,"5.412,60",2022-01-27 16:48:15.588391,"77,6007"
69.76,70.39 ,"5.455,20",2022-01-27 16:53:21.001465,"77,6685"
71.5,72.48 ,"5.654,60",2022-01-28 12:17:43.722454,"78,0770"
72.12,72.01 ,"5.635,60",2022-01-28 12:22:49.696540,"78,0317"
72.12,72.34 ,"5.660,00",2022-01-28 12:27:56.842966,"77,9033"
72.12,72.33 ,"5.657,00",2022-01-28 12:33:02.181089,"77,9038"
72.34,72.35 ,"5.653,80",2022-01-28 12:38:07.561654,"77,9580"
72.34,72.34 ,"5.651,00",2022-01-28 12:43:12.795632,"77,8954"
72.34,72.44 ,"5.650,00",2022-01-28 12:48:19.422933,"77,8837"
72.59,71.94 ,"5.615,00",2022-01-28 12:53:25.463124,"77,9164"
72.59,70.08 ,"5.595,80",2022-01-28 12:58:31.514942,"77,8550"
72.59,70.06 ,"5.586,40",2022-01-28 13:03:36.147691,"77,8433"
70.11,69.62 ,"5.414,00",2022-01-28 15:19:46.890064,"77,6675"
70.11,69.97 ,"5.432,40",2022-01-28 15:24:53.368090,"77,6393"
70.11,69.97 ,"5.442,00",2022-01-28 15:29:58.268433,"77,6353"
69.92,69.97 ,"5.436,20",2022-01-28 15:35:05.548061,"77,6438"
69.92,69.98 ,"5.434,00",2022-01-28 15:40:14.547795,"77,6318"
69.92,70.03 ,"5.430,00",2022-01-28 15:45:20.544179,"77,5020"
69.91,69.51 ,"5.405,20",2022-01-28 15:50:28.944095,"77,4898"
69.91,69.08 ,"5.380,20",2022-01-28 15:55:37.063844,"77,6675"
69.91,69.18 ,"5.358,00",2022-01-28 16:00:50.661405,"77,7458"
68.99,69.63 ,"5.400,20",2022-01-28 16:06:00.750666,"77,6918"
68.99,69.81 ,"5.435,00",2022-01-28 16:11:19.088855,"77,7088"
68.99,69.95 ,"5.435,20",2022-01-28 16:16:24.966529,"77,6024"
69.21,70.03 ,"5.437,60",2022-01-28 16:21:32.473869,"77,5653"
69.21,69.89 ,"5.435,00",2022-01-28 16:26:39.024435,"77,4835"
69.21,70.47 ,"5.469,80",2022-01-28 16:31:50.025962,"77,5840"
70.47,70.46 ,"5.470,20",2022-01-28 16:37:03.527755,"77,6044"
70.47,70.33 ,"5.452,80",2022-01-28 16:42:13.855154,"77,5920"
70.47,70.24 ,"5.450,80",2022-01-28 16:47:19.611765,"77,5516"
70.21,70.14 ,"5.450,00",2022-01-28 16:52:24.194909,"77,5924"
70.21,70.31 ,"5.460,00",2022-01-28 16:57:31.662532,"77,6182"
70.21,70.14 ,"5.448,80",2022-01-28 17:02:38.618308,"77,6328"
70.88,70.05 ,"5.430,20",2022-01-28 17:07:45.100711,"77,7130"
70.88,70.25 ,"5.453,80",2022-01-28 17:12:55.265770,"77,7197"
70.88,70.46 ,"5.471,40",2022-01-28 17:18:01.345484,"77,7865"
70.16,70.53 ,"5.482,60",2022-01-28 17:23:06.406120,"77,7996"
70.16,70.47 ,"5.476,40",2022-01-28 17:28:12.059282,"77,7389"
70.16,70.80 ,"5.510,20",2022-01-28 17:33:19.909101,"77,7606"
70.72,70.74 ,"5.503,40",2022-01-28 17:38:27.089529,"77,7953"
72.30000000000001,70.85 ,"5.492,20",2022-01-31 12:55:17.828476,"77,4268"
72.30000000000001,71.00 ,"5.510,80",2022-01-31 13:00:22.077597,"77,4387"
72.30000000000001,71.02 ,"5.497,00",2022-01-31 13:05:26.700262,"77,4513"
72.30000000000001,71.00 ,"5.504,80",2022-01-31 13:10:32.434082,"77,5754"
72.30000000000001,70.87 ,"5.495,00",2022-01-31 13:15:37.612001,"77,5593"
72.30000000000001,71.53 ,"5.555,60",2022-01-31 13:46:38.768496,"77,6100"
72.30000000000001,71.56 ,"5.557,40",2022-01-31 13:51:45.315488,"77,5916"
72.30000000000001,71.58 ,"5.568,40",2022-01-31 13:56:56.837172,"77,5588"
72.30000000000001,71.65 ,"5.565,40",2022-01-31 14:02:08.751698,"77,5330"
71.6,71.84 ,"5.568,60",2022-01-31 14:07:23.609811,"77,5536"
71.6,71.74 ,"5.560,80",2022-01-31 14:12:32.289006,"77,5556"
71.6,71.64 ,"5.563,00",2022-01-31 14:17:40.105802,"77,5468"
71.68,71.71 ,"5.561,40",2022-01-31 14:22:48.070538,"77,5571"
71.68,71.58 ,"5.566,60",2022-01-31 14:27:54.265002,"77,5470"
71.68,71.23 ,"5.546,80",2022-01-31 14:33:08.026709,"77,6313"
71.45,71.06 ,"5.525,40",2022-01-31 14:38:16.848892,"77,6297"
71.45,71.11 ,"5.525,00",2022-01-31 14:43:23.810826,"77,5890"
71.45,71.26 ,"5.534,60",2022-01-31 14:48:29.223031,"77,6213"
71.22,71.20 ,"5.525,80",2022-01-31 14:53:36.963883,"77,6393"
71.22,71.12 ,"5.527,40",2022-01-31 14:58:42.872446,"77,6616"
71.22,70.97 ,"5.515,20",2022-01-31 15:03:47.572336,"77,8296"
71.07,71.01 ,"5.516,40",2022-01-31 15:08:56.950218,"77,7370"
71.07,71.01 ,"5.520,20",2022-01-31 15:14:03.371397,"77,7392"
71.07,70.84 ,"5.516,60",2022-01-31 15:19:09.302652,"77,6881"
71.02,70.97 ,"5.521,20",2022-01-31 15:24:14.595903,"77,6806"
71.02,71.34 ,"5.546,60",2022-01-31 15:29:19.027253,"77,6989"
71.14,71.23 ,"5.538,40",2022-01-31 15:34:25.813462,"77,6574"
71.14,71.14 ,"5.535,80",2022-01-31 15:39:31.433893,"77,6207"
71.14,71.07 ,"5.526,00",2022-01-31 15:44:37.100435,"77,6188"
71.11,71.29 ,"5.527,00",2022-01-31 15:49:41.637207,"77,6686"
71.11,71.15 ,"5.528,40",2022-01-31 15:54:49.747914,"77,7414"
71.11,71.14 ,"5.528,40",2022-01-31 15:59:54.770359,"77,7370"
71.42,71.36 ,"5.549,00",2022-01-31 16:05:00.670949,"77,7209"
71.42,71.24 ,"5.537,00",2022-01-31 16:10:08.809458,"77,7460"
71.42,71.37 ,"5.545,00",2022-01-31 16:15:14.307875,"77,7733"
71.3,71.35 ,"5.548,00",2022-01-31 16:20:20.343655,"77,6790"
71.3,71.27 ,"5.545,60",2022-01-31 16:25:25.523518,"77,6711"
71.3,71.46 ,"5.546,80",2022-01-31 16:30:31.154909,"77,6419"
71.38,71.39 ,"5.551,20",2022-01-31 16:35:36.561261,"77,5565"
71.38,71.35 ,"5.540,80",2022-01-31 16:40:41.867274,"77,5705"
71.38,71.34 ,"5.539,00",2022-01-31 16:45:48.048609,"77,5950"
71.56,71.41 ,"5.532,40",2022-01-31 17:15:16.563588,"77,5076"
71.45,71.45 ,"5.545,00",2022-01-31 17:20:24.530741,"77,4431"
71.45,71.47 ,"5.541,80",2022-01-31 17:25:32.762162,"77,4537"
71.45,71.37 ,"5.534,00",2022-01-31 17:30:43.538628,"77,5030"
71.32,71.44 ,"5.523,80",2022-01-31 17:35:53.353519,"77,5334"
71.32,71.26 ,"5.521,40",2022-01-31 17:41:01.717290,"77,5880"
71.32,70.98 ,"5.505,00",2022-01-31 17:46:09.939276,"77,5581"
71.11,71.02 ,"5.503,20",2022-01-31 17:51:19.892822,"77,5694"
71.11,71.09 ,"5.520,40",2022-01-31 17:56:27.402271,"77,6192"
71.11,71.15 ,"5.523,00",2022-01-31 18:01:35.442125,"77,5147"
71.18,71.17 ,"5.520,60",2022-01-31 18:06:42.098332,"77,4781"
71.18,71.21 ,"5.523,60",2022-01-31 18:11:48.073592,"77,5040"
71.18,71.16 ,"5.526,00",2022-01-31 18:16:54.780843,"77,4229"
71.23,71.18 ,"5.517,80",2022-01-31 18:22:06.354961,"77,4407"
71.23,71.15 ,"5.516,60",2022-01-31 18:27:46.538276,"77,4810"
71.23,71.21 ,"5.510,80",2022-01-31 18:32:55.958558,"77,4891"
71.2,71.15 ,"5.517,20",2022-01-31 18:38:02.349771,"77,4875"
71.2,71.32 ,"5.532,00",2022-01-31 18:43:09.548323,"77,5489"
71.2,71.25 ,"5.522,20",2022-01-31 18:48:16.538888,"77,4149"
71.35,71.42 ,"5.522,20",2022-01-31 18:53:23.095214,"77,4160"
71.35,71.48 ,"5.522,20",2022-01-31 18:58:33.849202,"77,3940"
71.35,71.54 ,"5.522,20",2022-01-31 19:03:40.829576,"77,3907"
71.51,71.42 ,"5.534,80",2022-01-31 19:08:47.172949,"77,4883"
71.51,71.26 ,"5.525,80",2022-01-31 19:13:55.233924,"77,4691"
71.51,71.25 ,"5.525,40",2022-01-31 19:19:00.947468,"77,4371"
71.21,71.11 ,"5.516,00",2022-01-31 19:24:11.584275,"77,3974"
71.15,73.53 ,"5.675,00",2022-02-01 11:27:46.372001,"77,0800"
71.15,73.70 ,"5.671,00",2022-02-01 11:32:53.396307,"77,0781"
71.15,73.32 ,"5.646,50",2022-02-01 11:38:00.167634,"77,1590"
71.15,73.44 ,"5.670,00",2022-02-01 11:43:07.114517,"77,1292"
71.15,73.43 ,"5.660,00",2022-02-01 11:48:20.171260,"77,0874"
71.15,73.29 ,"5.643,00",2022-02-01 11:53:27.002424,"77,0617"
71.15,73.45 ,"5.662,50",2022-02-01 11:58:38.884918,"77,0186"
71.15,73.50 ,"5.668,50",2022-02-01 12:03:43.839360,"76,8796"
71.15,73.47 ,"5.661,50",2022-02-01 12:08:48.990218,"76,9097"
71.15,73.48 ,"5.659,00",2022-02-01 12:13:53.829210,"76,8948"
71.15,73.45 ,"5.648,00",2022-02-01 12:18:58.910699,"77,0213"
71.15,73.49 ,"5.652,00",2022-02-01 12:24:03.831847,"76,9776"
71.15,73.41 ,"5.642,00",2022-02-01 12:29:17.911772,"76,9827"
71.15,73.37 ,"5.647,50",2022-02-01 12:34:23.372466,"77,0168"
71.15,73.39 ,"5.652,50",2022-02-01 12:39:28.224800,"77,0148"
71.15,73.32 ,"5.650,00",2022-02-01 12:44:33.515587,"77,0140"
71.15,73.43 ,"5.658,00",2022-02-01 12:49:39.520722,"77,0328"
71.15,73.39 ,"5.661,00",2022-02-01 12:54:44.222973,"76,9713"
71.15,73.61 ,"5.668,00",2022-02-01 12:59:49.140689,"77,0242"
71.15,73.66 ,"5.669,50",2022-02-01 13:04:54.635658,"77,0211"
71.15,73.45 ,"5.653,50",2022-02-01 13:10:07.362072,"77,0161"
71.15,73.46 ,"5.658,00",2022-02-01 13:15:13.978074,"77,0129"
71.15,73.75 ,"5.680,00",2022-02-01 13:20:19.515712,"76,9733"
71.15,74.00 ,"5.698,00",2022-02-01 13:25:26.533237,"76,9562"
71.15,73.83 ,"5.672,50",2022-02-01 13:49:36.260724,"76,7592"
71.15,73.75 ,"5.679,00",2022-02-01 13:54:40.600559,"76,7092"
71.15,73.80 ,"5.672,00",2022-02-01 13:59:47.262828,"76,7127"
71.15,74.10 ,"5.691,00",2022-02-01 14:04:54.349126,"76,7013"
71.15,73.63 ,"5.647,50",2022-02-01 16:03:36.516680,"76,6486"
71.15,73.50 ,"5.639,00",2022-02-01 16:08:42.781033,"76,6605"
71.15,73.41 ,"5.625,00",2022-02-01 16:13:49.612428,"76,7275"
71.15,73.64 ,"5.648,50",2022-02-01 16:18:56.304124,"76,6859"
70.33,70.15 ,"5.385,50",2022-02-03 11:28:37.538607,"76,6160"
70.04,69.87 ,"5.363,50",2022-02-03 11:33:42.797372,"76,6323"
70.04,69.63 ,"5.347,00",2022-02-03 11:38:48.034364,"76,6344"
70.04,70.06 ,"5.360,00",2022-02-03 11:43:52.846316,"76,6284"
69.76,69.62 ,"5.354,00",2022-02-03 11:48:58.560595,"76,6663"
69.76,69.45 ,"5.329,00",2022-02-03 11:54:04.439067,"76,6360"
69.76,68.66 ,"5.271,50",2022-02-03 11:59:09.280816,"76,5683"
68.75,68.58 ,"5.267,50",2022-02-03 12:04:14.208116,"76,5540"
68.75,68.70 ,"5.268,50",2022-02-03 12:09:20.277417,"76,5142"
68.75,68.28 ,"5.225,50",2022-02-03 12:14:25.199022,"76,5118"
68.55,68.60 ,"5.254,50",2022-02-03 12:19:31.349210,"76,5430"
68.55,68.22 ,"5.213,00",2022-02-03 12:24:37.292965,"76,5393"
68.55,68.19 ,"5.226,00",2022-02-03 12:29:42.180995,"76,5211"
67.96,67.72 ,"5.191,50",2022-02-03 12:34:48.313993,"76,5211"
67.96,67.15 ,"5.148,00",2022-02-03 12:39:53.892788,"76,5450"
67.96,67.00 ,"5.142,00",2022-02-03 12:44:58.867889,"76,5971"
67.07,67.12 ,"5.146,00",2022-02-03 12:50:03.442387,"76,5284"
67.07,67.09 ,"5.154,50",2022-02-03 12:55:09.034997,"76,5419"
67.07,67.06 ,"5.138,50",2022-02-03 13:00:15.112400,"76,5301"
67.12,67.16 ,"5.146,50",2022-02-03 13:05:29.283614,"76,5130"
67.12,67.75 ,"5.170,00",2022-02-03 13:10:35.384315,"76,5443"
67.12,67.58 ,"5.192,00",2022-02-03 13:15:42.051336,"76,5508"
67.64,67.71 ,"5.182,00",2022-02-03 13:20:51.578639,"76,5394"
67.64,67.88 ,"5.203,50",2022-02-03 13:25:57.226589,"76,5410"
67.64,67.60 ,"5.179,50",2022-02-03 13:31:03.103760,"76,5230"
67.78,67.66 ,"5.193,50",2022-02-03 13:36:07.778814,"76,5172"
67.78,67.77 ,"5.198,00",2022-02-03 13:41:13.457510,"76,5357"
67.78,67.90 ,"5.202,00",2022-02-03 13:46:19.848685,"76,5444"
67.8,67.83 ,"5.199,50",2022-02-03 13:51:26.072512,"76,5424"
67.8,67.67 ,"5.183,50",2022-02-03 13:56:33.024781,"76,4292"
67.8,67.73 ,"5.192,50",2022-02-03 14:01:38.010905,"76,4258"
67.68,67.98 ,"5.214,50",2022-02-03 14:06:44.137918,"76,4140"
67.68,68.45 ,"5.243,50",2022-02-03 14:11:49.684597,"76,4905"
67.68,68.44 ,"5.235,00",2022-02-03 14:16:53.856099,"76,4600"
68.39,68.44 ,"5.245,50",2022-02-03 14:21:58.800170,"76,4190"
68.39,68.52 ,"5.246,50",2022-02-03 14:27:04.642328,"76,4557"
68.39,68.51 ,"5.248,50",2022-02-03 14:32:09.136926,"76,4726"
68.43,68.32 ,"5.223,50",2022-02-03 14:37:14.125638,"76,4532"
68.43,68.03 ,"5.207,50",2022-02-03 14:42:19.727029,"76,4825"
68.43,67.99 ,"5.210,00",2022-02-03 14:47:31.789750,"76,4022"
68.00000000000001,68.01 ,"5.209,00",2022-02-03 14:52:40.705580,"76,3294"
68.00000000000001,68.03 ,"5.211,00",2022-02-03 14:57:47.002457,"76,3019"
68.00000000000001,68.14 ,"5.206,50",2022-02-03 15:02:53.707387,"76,3415"
68.01,68.29 ,"5.220,50",2022-02-03 15:07:58.381746,"76,3428"
68.01,68.53 ,"5.239,50",2022-02-03 15:13:03.208274,"76,3655"
68.01,68.56 ,"5.245,50",2022-02-03 15:18:09.918394,"76,3147"
68.59,68.58 ,"5.244,50",2022-02-03 15:23:14.841678,"76,3049"
68.59,68.53 ,"5.244,50",2022-02-03 15:28:19.794586,"76,3315"
68.59,67.93 ,"5.190,50",2022-02-03 15:33:24.615387,"76,3928"
68.62,67.95 ,"5.189,50",2022-02-03 15:38:34.403245,"76,2879"
68.62,68.09 ,"5.200,00",2022-02-03 15:43:39.580848,"76,2743"
68.62,68.19 ,"5.204,50",2022-02-03 15:48:47.244551,"76,2834"
68.13,68.06 ,"5.202,00",2022-02-03 15:53:57.770649,"76,2897"
68.13,68.15 ,"5.200,00",2022-02-03 15:59:03.558153,"76,3422"
68.13,68.10 ,"5.205,50",2022-02-03 16:04:08.558923,"76,3933"
68.08,68.41 ,"5.219,50",2022-02-03 16:09:15.945706,"76,4153"
68.08,68.28 ,"5.221,50",2022-02-03 16:14:27.720392,"76,3598"
68.08,68.45 ,"5.227,00",2022-02-03 16:19:32.976117,"76,3669"
68.39,68.44 ,"5.234,50",2022-02-03 16:24:37.985873,"76,3485"
68.39,68.20 ,"5.216,50",2022-02-03 16:29:44.352107,"76,3197"
68.39,68.17 ,"5.216,00",2022-02-03 16:34:52.062851,"76,2826"
68.27,68.22 ,"5.212,00",2022-02-03 16:39:58.296260,"76,3567"
68.27,68.15 ,"5.211,50",2022-02-03 16:45:02.532037,"76,3331"
68.27,68.05 ,"5.204,50",2022-02-03 16:50:12.398716,"76,1889"
68.21,67.97 ,"5.199,00",2022-02-03 16:55:16.730043,"76,2414"
68.21,67.97 ,"5.200,00",2022-02-03 17:00:21.185754,"76,2490"
68.21,68.06 ,"5.200,50",2022-02-03 17:05:27.471593,"76,2397"
68.21,68.12 ,"5.201,00",2022-02-03 17:10:44.038653,"76,2521"
68.21,67.95 ,"5.188,00",2022-02-03 17:15:56.316374,"76,2510"
68.21,67.95 ,"5.181,50",2022-02-03 17:21:02.036435,"76,2209"
68.21,67.75 ,"5.167,00",2022-02-03 17:26:08.419108,"76,2236"
68.21,67.92 ,"5.185,50",2022-02-03 17:31:14.059182,"76,2005"
67.92,67.85 ,"5.167,00",2022-02-03 17:36:19.425378,"76,2749"
69.80000000000001,69.77 ,"5.306,50",2022-02-04 12:26:24.793701,"75,9698"
69.80000000000001,69.92 ,"5.312,00",2022-02-04 12:31:31.921552,"75,9984"
69.92,70.02 ,"5.324,00",2022-02-04 12:36:38.948566,"75,9593"
69.92,70.24 ,"5.338,00",2022-02-04 12:41:46.668236,"75,9481"
69.92,70.05 ,"5.332,00",2022-02-04 12:46:53.542671,"75,9616"
70.19,69.86 ,"5.311,50",2022-02-04 12:52:01.328183,"75,8555"
70.19,69.89 ,"5.311,50",2022-02-04 12:57:08.254727,"75,7978"
70.19,69.90 ,"5.313,50",2022-02-04 13:02:14.261935,"75,8344"
70,69.91 ,"5.306,00",2022-02-04 13:07:21.444750,"75,8463"
70,69.61 ,"5.281,00",2022-02-04 13:12:27.635608,"75,8825"
70,69.39 ,"5.275,50",2022-02-04 13:17:31.832045,"75,9014"
69.54,69.21 ,"5.248,00",2022-02-04 13:22:36.743254,"75,8787"
69.54,69.16 ,"5.250,50",2022-02-04 13:27:41.679966,"75,8553"
69.54,69.30 ,"5.254,00",2022-02-04 13:32:46.659186,"75,8666"
69.18,69.18 ,"5.249,50",2022-02-04 13:37:51.910109,"75,8582"
69.18,69.26 ,"5.252,00",2022-02-04 13:42:57.110962,"75,8766"
69.18,69.04 ,"5.241,00",2022-02-04 13:48:03.339055,"75,7531"
69.11,69.14 ,"5.246,50",2022-02-04 13:53:08.789043,"75,7098"
69.11,69.33 ,"5.265,00",2022-02-04 13:58:14.165509,"75,7180"
69.11,69.19 ,"5.250,50",2022-02-04 14:03:20.570462,"75,7617"
69.22,69.08 ,"5.239,00",2022-02-04 14:08:26.805447,"75,7865"
69.22,69.14 ,"5.230,00",2022-02-04 14:13:31.355792,"75,7681"
69.22,69.33 ,"5.257,50",2022-02-04 14:18:36.303261,"75,7223"
69.18,69.02 ,"5.240,00",2022-02-04 14:23:40.626207,"75,7271"
69.12,68.39 ,"5.172,00",2022-02-07 11:05:04.350206,"75,7082"
69.12,68.11 ,"5.154,00",2022-02-07 11:10:14.721194,"75,7423"
69.12,68.08 ,"5.154,50",2022-02-07 11:15:19.726936,"75,7270"
69.12,67.67 ,"5.129,00",2022-02-07 11:20:27.260829,"75,7340"
69.12,67.42 ,"5.127,50",2022-02-07 11:25:31.849007,"75,7002"
69.12,67.51 ,"5.119,00",2022-02-07 11:30:38.221335,"75,6484"
69.12,67.45 ,"5.110,00",2022-02-07 11:35:43.264562,"75,6844"
69.12,67.11 ,"5.080,50",2022-02-07 11:40:48.284991,"75,6366"
69.12,67.24 ,"5.101,50",2022-02-07 11:45:53.575925,"75,6788"
69.12,67.23 ,"5.091,00",2022-02-07 11:50:58.193857,"75,6046"
69.12,67.07 ,"5.089,00",2022-02-07 11:56:03.240390,"75,6836"
69.12,66.95 ,"5.059,00",2022-02-07 12:01:14.796280,"75,6873"
69.12,66.65 ,"5.063,50",2022-02-07 12:06:19.919079,"75,6859"
69.12,66.35 ,"5.021,50",2022-02-07 12:11:24.851939,"75,6908"
69.12,66.53 ,"5.034,00",2022-02-07 12:16:30.747883,"75,6498"
69.12,66.46 ,"5.031,50",2022-02-07 12:21:40.654278,"75,6697"
69.12,66.47 ,"5.040,00",2022-02-07 12:26:45.273651,"75,6482"
69.12,66.54 ,"5.045,50",2022-02-07 12:31:50.459766,"75,6668"
69.12,66.38 ,"5.016,50",2022-02-07 12:36:55.416072,"75,6707"
69.12,66.11 ,"5.007,00",2022-02-07 12:41:59.662781,"75,6101"
69.12,66.16 ,"5.012,50",2022-02-07 12:47:05.095733,"75,5260"
69.12,66.10 ,"5.015,00",2022-02-07 12:52:10.303269,"75,5138"
69.12,66.30 ,"5.012,50",2022-02-07 12:57:15.140793,"75,5505"
69.12,66.34 ,"5.012,50",2022-02-07 13:02:20.256137,"75,5773"
69.12,66.25 ,"5.008,00",2022-02-07 13:07:25.795824,"75,6074"
69.12,65.97 ,"4.986,00",2022-02-07 13:12:35.091218,"75,6074"
69.12,65.81 ,"4.981,00",2022-02-07 13:17:39.610319,"75,6074"
69.12,65.96 ,"4.992,00",2022-02-07 13:22:45.989699,"75,5500"
69.12,66.08 ,"4.996,50",2022-02-07 13:27:52.530705,"75,5154"
69.12,66.23 ,"5.005,00",2022-02-07 13:32:58.225579,"75,4339"
69.12,66.18 ,"5.010,00",2022-02-07 13:38:02.619876,"75,4682"
69.12,66.09 ,"4.997,00",2022-02-07 13:43:07.362508,"75,4954"
69.12,66.42 ,"5.012,00",2022-02-07 13:48:12.401438,"75,5139"
69.12,66.45 ,"5.019,00",2022-02-07 13:53:17.414738,"75,4788"
69.12,66.51 ,"5.026,00",2022-02-07 13:58:22.660187,"75,4528"
69.12,66.76 ,"5.044,00",2022-02-07 14:03:28.161638,"75,4367"
69.12,66.99 ,"5.059,00",2022-02-07 14:08:32.809427,"75,4423"
69.12,66.91 ,"5.056,50",2022-02-07 14:13:38.386605,"75,4627"
69.12,67.33 ,"5.080,00",2022-02-07 14:18:43.630664,"75,4076"
69.12,67.04 ,"5.062,00",2022-02-07 14:23:49.089304,"75,4682"
69.12,67.04 ,"5.058,00",2022-02-07 14:28:55.983193,"75,4942"
69.12,67.03 ,"5.062,50",2022-02-07 14:34:01.716033,"75,4412"
69.12,66.94 ,"5.056,00",2022-02-07 14:39:06.513950,"75,4424"
69.12,66.67 ,"5.038,50",2022-02-07 14:44:12.288756,"75,4424"
69.12,66.70 ,"5.038,00",2022-02-07 14:49:18.180367,"75,4595"
69.12,66.62 ,"5.032,00",2022-02-07 14:54:26.785125,"75,4910"
69.12,66.62 ,"5.029,50",2022-02-07 14:59:33.243419,"75,4653"
69.12,66.71 ,"5.026,50",2022-02-07 15:04:40.345507,"75,4507"
69.12,66.64 ,"5.030,00",2022-02-07 15:09:45.722789,"75,4568"
69.12,66.80 ,"5.048,50",2022-02-07 15:14:52.819284,"75,4814"
69.12,66.83 ,"5.045,50",2022-02-07 15:19:59.573011,"75,4545"
69.12,66.77 ,"5.043,50",2022-02-07 15:25:09.503195,"75,4466"
69.12,66.73 ,"5.039,50",2022-02-07 15:30:16.339463,"75,4363"
69.12,66.61 ,"5.030,00",2022-02-07 15:35:22.791865,"75,4074"
69.12,66.52 ,"5.021,00",2022-02-07 15:40:28.632472,"75,4238"
69.12,66.67 ,"5.033,00",2022-02-07 15:45:33.898730,"75,4451"
69.12,66.72 ,"5.039,00",2022-02-07 15:50:39.782343,"75,4603"
69.12,66.60 ,"5.027,00",2022-02-07 15:55:44.791954,"75,5215"
69.12,66.51 ,"5.020,00",2022-02-07 16:00:51.475646,"75,5215"
69.12,66.72 ,"5.037,50",2022-02-07 16:05:58.408680,"75,6169"
73.69,74.20 ,"5.572,00",2022-02-09 16:41:58.152841,"74,7390"
73.69,74.43 ,"5.561,00",2022-02-09 16:47:03.527060,"74,7260"
74.1,74.70 ,"5.573,00",2022-02-09 16:52:09.665305,"74,7102"
74.1,75.21 ,"5.621,00",2022-02-09 16:57:19.390077,"74,7405"
74.1,75.05 ,"5.605,50",2022-02-09 17:02:25.123185,"74,7270"
74.85,74.94 ,"5.600,50",2022-02-09 17:07:30.708926,"74,7462"
74.85,75.00 ,"5.607,50",2022-02-09 17:12:35.994179,"74,7785"
74.85,75.58 ,"5.650,50",2022-02-09 17:17:42.428369,"74,7919"
74.85,75.58 ,"5.650,00",2022-02-09 17:22:53.070817,"74,7796"
74.85,75.05 ,"5.620,00",2022-02-09 17:27:57.976505,"74,7806"
74.85,75.24 ,"5.622,00",2022-02-09 17:33:03.999088,"74,7677"
74.85,75.27 ,"5.630,00",2022-02-09 17:38:09.494532,"74,7751"
74.85,75.17 ,"5.621,50",2022-02-09 17:43:14.397975,"74,7715"
74.85,75.23 ,"5.624,50",2022-02-09 17:48:19.045213,"74,7771"
74.97,75.23 ,"5.621,00",2022-02-09 17:53:25.834985,"74,7876"
74.97,75.21 ,"5.623,00",2022-02-09 17:58:31.120550,"74,7692"
74.97,75.25 ,"5.622,50",2022-02-09 18:03:35.603977,"74,7193"
75.12,78.78 ,"5.892,50",2022-02-10 11:21:03.818174,"74,7411"
75.12,78.67 ,"5.888,50",2022-02-10 11:26:22.948548,"74,7705"
75.12,78.25 ,"5.840,50",2022-02-10 11:31:27.841939,"74,8119"
75.12,77.79 ,"5.783,00",2022-02-10 11:36:34.151921,"74,7918"
75.12,78.21 ,"5.859,00",2022-02-10 11:41:40.004878,"74,7405"
75.12,77.86 ,"5.830,50",2022-02-10 11:46:47.632982,"74,7142"
75.12,77.80 ,"5.831,50",2022-02-10 11:51:54.804327,"74,7129"
75.12,77.70 ,"5.810,00",2022-02-10 11:56:59.850805,"74,7212"
75.12,78.12 ,"5.842,00",2022-02-10 12:02:05.424349,"74,7218"
75.12,78.45 ,"5.864,00",2022-02-10 12:07:11.347412,"74,6911"
75.12,78.29 ,"5.851,50",2022-02-10 12:12:19.617851,"74,6987"
75.12,79.05 ,"5.914,50",2022-02-10 12:17:26.979902,"74,6630"
75.12,79.20 ,"5.920,00",2022-02-10 12:22:32.133383,"74,6672"
75.12,79.55 ,"5.938,50",2022-02-10 12:27:39.878393,"74,6861"
75.12,79.37 ,"5.947,00",2022-02-10 12:32:47.012931,"74,7017"
79.06,79.49 ,"5.935,00",2022-02-10 12:38:02.953616,"74,7235"
79.06,79.19 ,"5.916,00",2022-02-10 12:43:07.897104,"74,7255"
79.06,79.06 ,"5.912,00",2022-02-10 12:48:12.669213,"74,7199"
79.06,79.15 ,"5.915,00",2022-02-10 12:53:19.756238,"74,7339"
79.06,79.43 ,"5.944,50",2022-02-10 12:58:25.133285,"74,7300"
79.06,80.01 ,"5.961,50",2022-02-10 13:03:30.483765,"74,7430"
79.06,79.82 ,"5.980,50",2022-02-10 13:08:35.234697,"74,7747"
79.06,80.10 ,"5.992,00",2022-02-10 13:13:40.379657,"74,7900"
79.06,80.55 ,"6.027,00",2022-02-10 13:18:47.446235,"74,7824"
79.06,80.68 ,"6.044,00",2022-02-10 13:23:53.597226,"74,7572"
79.06,80.67 ,"6.044,00",2022-02-10 13:28:59.372476,"74,8254"
79.06,80.57 ,"6.023,50",2022-02-10 13:34:07.236066,"74,7455"
79.06,80.56 ,"6.029,50",2022-02-10 13:39:15.086946,"74,7403"
79.06,80.61 ,"6.033,00",2022-02-10 13:44:23.097451,"74,7586"
79.06,80.81 ,"6.044,00",2022-02-10 13:49:31.048269,"74,7772"
79.06,80.42 ,"6.025,00",2022-02-10 13:54:38.840027,"74,7240"
79.06,80.63 ,"6.035,50",2022-02-10 13:59:45.285062,"74,7363"
79.06,80.53 ,"6.026,00",2022-02-10 14:04:50.774612,"74,7569"
79.06,80.09 ,"5.985,50",2022-02-10 14:09:56.733036,"74,7131"
79.06,80.66 ,"6.024,00",2022-02-10 14:15:02.523677,"74,7036"
79.06,80.60 ,"6.028,50",2022-02-10 14:20:09.073468,"74,7266"
79.06,80.37 ,"6.014,50",2022-02-10 14:42:35.715335,"74,7025"
79.06,80.32 ,"6.001,50",2022-02-10 14:47:42.539491,"74,6839"
79.06,80.54 ,"6.015,00",2022-02-10 14:52:53.340075,"74,5797"
79.06,80.57 ,"6.018,00",2022-02-10 14:58:08.725400,"74,5823"
79.06,80.36 ,"6.006,00",2022-02-10 15:03:16.093977,"74,5749"
79.06,80.38 ,"5.985,00",2022-02-10 16:24:55.201491,"74,4853"
79.06,80.73 ,"6.005,00",2022-02-10 16:30:02.308262,"74,6685"
79.06,80.16 ,"5.980,00",2022-02-10 16:35:11.134782,"74,6606"
79.06,80.16 ,"5.969,50",2022-02-10 16:40:15.989055,"74,6559"
79.06,79.27 ,"5.928,50",2022-02-10 16:45:20.974557,"74,5805"
79.06,78.87 ,"5.880,50",2022-02-10 16:50:25.578347,"74,6693"
79.06,78.61 ,"5.875,00",2022-02-10 16:55:38.731318,"74,6693"
79.06,79.63 ,"5.940,50",2022-02-10 17:00:43.705507,"74,7110"
79.06,79.24 ,"5.918,50",2022-02-10 17:05:53.622,"74,7955"
79.06,78.95 ,"5.894,50",2022-02-10 17:10:59.879633,"74,7915"
79.06,78.90 ,"5.900,00",2022-02-10 17:16:04.447327,"74,7201"
79.06,78.82 ,"5.892,00",2022-02-10 17:21:09.572434,"74,6451"
79.06,78.48 ,"5.882,50",2022-02-10 17:26:16.954863,"74,5870"
79.06,78.80 ,"5.878,00",2022-02-10 17:31:21.497786,"74,5890"
79.06,78.98 ,"5.908,00",2022-02-10 17:36:26.349098,"74,6123"
77.52,77.41 ,"5.803,00",2022-02-11 11:04:42.361499,"74,8827"
77.52,77.73 ,"5.809,50",2022-02-11 11:09:49.435836,"74,8799"
77.52,76.90 ,"5.776,00",2022-02-11 11:14:54.677561,"74,8976"
77.1,75.85 ,"5.754,50",2022-02-11 11:20:00.971018,"74,9271"
77.1,76.56 ,"5.738,50",2022-02-11 11:25:08.703946,"74,9776"
77.1,76.61 ,"5.730,50",2022-02-11 11:30:14.293111,"75,0177"
76.3,75.27 ,"5.678,00",2022-02-11 11:35:19.478750,"75,0261"
75.16,74.88 ,"5.622,00",2022-02-11 12:00:01.398908,"75,0523"
74.87,74.17 ,"5.584,00",2022-02-11 12:05:08.134059,"75,0177"
74.87,73.60 ,"5.538,50",2022-02-11 12:10:12.936452,"75,0391"
74.87,73.26 ,"5.507,50",2022-02-11 12:15:18.358546,"75,0998"
74.1,74.06 ,"5.566,50",2022-02-11 12:20:22.872786,"75,1813"
74.1,73.67 ,"5.545,00",2022-02-11 12:25:27.512861,"75,2392"
74.1,73.72 ,"5.529,50",2022-02-11 12:30:31.970738,"75,1499"
73.65,73.52 ,"5.504,00",2022-02-11 12:35:38.437035,"75,1603"
73.65,73.20 ,"5.512,50",2022-02-11 12:40:42.914774,"75,1264"
73.65,73.57 ,"5.535,50",2022-02-11 12:45:47.807568,"75,0497"
73.43,73.66 ,"5.537,50",2022-02-11 12:50:51.738786,"74,9768"
73.43,74.06 ,"5.546,50",2022-02-11 12:55:56.115540,"74,9813"
73.43,73.78 ,"5.551,00",2022-02-11 13:01:01.348394,"75,0448"
73.89,73.88 ,"5.550,50",2022-02-11 13:06:13.954156,"74,9938"
73.89,74.36 ,"5.577,50",2022-02-11 13:11:20.349670,"74,9571"
73.89,74.10 ,"5.564,00",2022-02-11 13:16:25.928248,"74,9940"
74.45,74.64 ,"5.591,50",2022-02-11 13:21:35.636976,"75,0845"
74.45,74.42 ,"5.586,00",2022-02-11 13:26:41.483565,"74,9520"
74.45,73.94 ,"5.561,00",2022-02-11 13:31:48.233413,"74,9973"
74.32,74.01 ,"5.555,00",2022-02-11 13:36:52.634578,"75,1115"
74.32,74.70 ,"5.590,50",2022-02-11 13:41:58.779360,"75,0859"
74.32,74.72 ,"5.613,00",2022-02-11 13:47:05.328275,"75,0095"
74.65,74.94 ,"5.632,50",2022-02-11 13:52:11.717360,"75,0018"
74.65,74.66 ,"5.606,00",2022-02-11 13:57:39.507888,"74,9927"
74.65,74.69 ,"5.599,50",2022-02-11 14:02:52.418509,"75,0191"
74.92,74.53 ,"5.595,00",2022-02-11 14:08:31.808642,"75,0393"
74.92,74.28 ,"5.572,50",2022-02-11 14:13:37.201089,"75,0617"
74.80000000000001,74.00 ,"5.565,00",2022-02-11 14:18:42.077991,"75,0943"
74.80000000000001,74.55 ,"5.594,00",2022-02-11 14:23:51.652463,"75,0993"
74.80000000000001,74.53 ,"5.588,00",2022-02-11 14:28:58.312720,"75,0828"
74.39,74.46 ,"5.595,00",2022-02-11 14:34:05.095577,"75,0799"
74.39,74.20 ,"5.576,50",2022-02-11 14:39:10.878488,"75,0595"
74.39,74.19 ,"5.571,50",2022-02-11 14:44:18.160869,"75,0470"
73.97,73.87 ,"5.548,00",2022-02-11 14:49:25.600537,"75,2016"
73.97,73.97 ,"5.547,50",2022-02-11 14:54:32.250901,"75,2507"
73.97,74.09 ,"5.564,00",2022-02-11 14:59:40.454943,"75,1858"
73.94,73.53 ,"5.541,50",2022-02-11 15:04:48.455493,"75,1278"
73.94,73.36 ,"5.528,00",2022-02-11 15:09:55.467919,"75,0553"
73.94,73.56 ,"5.532,00",2022-02-11 15:15:01.055032,"75,0845"
73.51,73.51 ,"5.521,50",2022-02-11 15:20:07.944820,"75,0969"
73.51,73.91 ,"5.528,50",2022-02-11 15:25:13.857945,"75,0656"
73.51,74.23 ,"5.577,50",2022-02-11 15:30:20.018234,"75,0880"
73.51,74.19 ,"5.570,50",2022-02-11 15:35:25.852104,"75,1400"
73.51,74.32 ,"5.569,00",2022-02-11 15:40:37.674990,"75,2227"
73.51,74.50 ,"5.599,50",2022-02-11 15:45:44.932768,"75,1900"
74.47,74.18 ,"5.579,00",2022-02-11 15:50:56.218335,"75,2052"
74.47,73.77 ,"5.564,50",2022-02-11 15:56:03.213108,"75,2280"
74.47,74.14 ,"5.577,00",2022-02-11 16:01:07.812465,"75,2334"
73.95,73.78 ,"5.547,00",2022-02-11 16:06:13.247406,"75,3452"
73.95,74.01 ,"5.570,50",2022-02-11 16:11:17.718478,"75,3488"
73.95,73.77 ,"5.554,50",2022-02-11 16:16:22.847922,"75,4479"
73.95,73.63 ,"5.542,00",2022-02-11 16:21:27.197587,"75,5754"
73.95,73.88 ,"5.567,50",2022-02-11 16:26:31.869762,"75,5146"
73.95,73.70 ,"5.566,50",2022-02-11 16:31:38.951631,"75,4601"
73.84,74.09 ,"5.597,50",2022-02-11 16:36:43.877783,"75,5733"
73.84,74.57 ,"5.635,00",2022-02-11 16:41:48.817936,"75,5487"
73.84,74.59 ,"5.629,00",2022-02-11 16:46:52.881227,"75,6794"
74.67,74.52 ,"5.624,00",2022-02-11 16:51:57.880981,"75,7030"
74.67,74.45 ,"5.624,50",2022-02-11 16:57:02.544475,"75,7419"
74.67,74.12 ,"5.613,50",2022-02-11 17:02:09.123564,"75,8559"
74.49,73.99 ,"5.606,00",2022-02-11 17:07:14.561705,"75,8357"
74.49,74.23 ,"5.630,00",2022-02-11 17:12:19.660349,"75,8871"
74.49,74.08 ,"5.629,00",2022-02-11 17:17:24.706896,"75,8565"
74.27,74.32 ,"5.625,00",2022-02-11 17:22:32.362868,"75,9475"
74.27,74.25 ,"5.651,00",2022-02-11 17:27:38.094252,"75,8937"
74.27,74.09 ,"5.630,00",2022-02-11 17:32:42.772858,"75,7361"
74.12,74.09 ,"5.612,50",2022-02-11 17:37:47.546882,"75,8427"
74.12,73.81 ,"5.605,50",2022-02-11 17:42:51.883616,"75,9411"
74.12,74.06 ,"5.614,00",2022-02-11 17:48:19.104321,"75,9279"
73.93,74.10 ,"5.627,00",2022-02-11 17:53:33.270655,"75,9352"
73.93,73.90 ,"5.627,00",2022-02-11 17:58:39.842128,"75,9940"
73.93,73.59 ,"5.604,50",2022-02-11 18:03:45.602023,"76,0211"
73.93,73.90 ,"5.613,00",2022-02-11 18:08:52.757761,"76,1478"
73.93,73.73 ,"5.604,00",2022-02-11 18:13:58.636387,"75,8800"
73.93,73.85 ,"5.610,00",2022-02-11 18:19:05.512411,"75,9162"
68.59,68.58 ,"5.239,50",2022-02-14 11:28:41.862778,"76,9100"
68.68,67.91 ,"5.241,00",2022-02-14 11:34:08.947711,"76,8951"
68.68,67.71 ,"5.224,00",2022-02-14 11:39:13.809321,"76,9941"
68.68,67.87 ,"5.224,00",2022-02-14 11:44:23.274860,"77,0542"
67.87,67.72 ,"5.223,50",2022-02-14 11:49:28.146932,"77,0605"
67.87,67.68 ,"5.233,00",2022-02-14 11:54:33.415933,"77,1483"
67.87,67.35 ,"5.196,00",2022-02-14 11:59:59.634961,"77,1899"
68.45,67.30 ,"5.187,50",2022-02-14 12:05:05.100886,"77,1621"
68.45,67.69 ,"5.226,50",2022-02-14 12:10:09.886953,"77,1486"
68.45,67.45 ,"5.209,00",2022-02-14 12:15:13.949269,"77,1498"
67.6,67.66 ,"5.228,00",2022-02-14 12:20:22.824134,"77,0623"
67.6,67.65 ,"5.223,50",2022-02-14 12:25:27.063546,"77,1475"
67.6,67.64 ,"5.234,00",2022-02-14 12:30:31.789593,"77,1569"
67.82,67.53 ,"5.218,50",2022-02-14 12:35:37.576508,"77,0570"
67.82,67.33 ,"5.201,00",2022-02-14 12:40:44.328296,"77,1370"
67.82,67.35 ,"5.201,00",2022-02-14 12:45:51.759820,"77,2565"
67.29,67.28 ,"5.200,50",2022-02-14 12:50:58.544086,"77,2339"
67.29,66.88 ,"5.174,00",2022-02-14 12:56:03.483023,"77,2534"
67.29,66.69 ,"5.151,00",2022-02-14 13:01:09.016593,"77,2170"
66.92,67.11 ,"5.193,00",2022-02-14 13:06:16.524421,"77,2462"
66.92,67.20 ,"5.196,00",2022-02-14 13:11:22.649071,"77,2395"
66.92,67.50 ,"5.213,00",2022-02-14 13:16:27.534380,"77,1481"
67.38,67.47 ,"5.207,00",2022-02-14 13:21:32.359077,"77,1597"
67.38,67.67 ,"5.225,50",2022-02-14 13:26:37.043431,"76,5125"
67.38,68.36 ,"5.277,50",2022-02-14 13:31:41.290431,"76,6160"
68.00000000000001,68.17 ,"5.255,50",2022-02-14 13:36:47.397825,"76,7740"
68.00000000000001,68.54 ,"5.255,00",2022-02-14 13:41:54.090190,"76,8419"
68.00000000000001,68.11 ,"5.233,50",2022-02-14 13:47:01.933381,"76,9835"
68.35,68.21 ,"5.246,50",2022-02-14 13:52:07.993039,"77,0608"
68.35,68.24 ,"5.246,00",2022-02-14 13:57:18.622994,"76,9991"
68.35,68.12 ,"5.245,00",2022-02-14 14:02:24.710071,"76,9811"
68.15,67.80 ,"5.213,00",2022-02-14 14:07:30.906946,"77,1393"
68.15,67.76 ,"5.210,50",2022-02-14 14:12:36.524809,"77,1005"
68.15,67.67 ,"5.205,50",2022-02-14 14:17:42.679416,"77,1212"
67.68,67.69 ,"5.205,50",2022-02-14 14:22:47.778542,"77,1243"
67.68,67.24 ,"5.190,00",2022-02-14 14:27:52.640836,"77,0299"
67.68,67.41 ,"5.200,00",2022-02-14 14:32:58.004251,"77,0148"
67.33,67.33 ,"5.193,50",2022-02-14 14:38:02.208278,"76,9311"
67.33,67.30 ,"5.188,50",2022-02-14 14:43:07.471220,"76,9935"
67.33,67.40 ,"5.191,50",2022-02-14 14:48:12.924925,"77,0869"
67.37,67.69 ,"5.219,00",2022-02-14 14:53:18.864800,"77,1575"
67.37,67.12 ,"5.170,00",2022-02-14 14:58:25.746005,"77,0736"
67.21,67.28 ,"5.178,00",2022-02-14 15:03:30.039692,"77,1126"
67.21,67.15 ,"5.184,00",2022-02-14 15:08:34.086355,"77,1515"
67.21,67.20 ,"5.190,00",2022-02-14 15:13:39.850064,"77,1752"
67.22,67.27 ,"5.199,00",2022-02-14 15:18:44.649253,"77,0517"
67.22,67.23 ,"5.193,00",2022-02-14 15:23:49.531271,"76,9395"
67.22,67.12 ,"5.183,00",2022-02-14 15:28:54.684984,"76,1742"
67.22,67.29 ,"5.187,50",2022-02-14 15:34:00.338975,"76,1597"
67.22,68.62 ,"5.182,50",2022-02-14 15:39:05.343013,"76,3286"
67.22,69.22 ,"5.252,00",2022-02-14 15:44:10.556942,"76,3789"
73.64,73.01 ,"5.497,50",2022-02-15 12:22:56.201133,"75,4890"
73.64,73.40 ,"5.542,50",2022-02-15 12:28:03.715847,"75,4712"
73.64,73.57 ,"5.549,00",2022-02-15 12:33:09.016206,"75,4901"
73.64,73.40 ,"5.538,00",2022-02-15 12:38:13.884501,"75,5480"
73.64,73.44 ,"5.534,00",2022-02-15 12:43:18.305343,"75,5145"
73.19,72.96 ,"5.519,50",2022-02-15 12:48:22.784946,"75,4803"
73.19,73.01 ,"5.524,50",2022-02-15 12:53:27.849094,"75,4525"
73.19,73.16 ,"5.514,00",2022-02-15 12:58:34.110021,"75,4013"
73.07,73.39 ,"5.542,50",2022-02-15 13:03:39.347271,"75,4473"
73.07,73.50 ,"5.545,50",2022-02-15 13:08:49.516691,"75,4293"
73.07,74.35 ,"5.604,00",2022-02-15 13:13:55.796211,"75,7067"
73.07,74.25 ,"5.613,00",2022-02-15 13:19:00.547134,"75,5986"
73.07,73.80 ,"5.614,00",2022-02-15 13:24:07.463957,"75,7114"
73.07,73.69 ,"5.584,50",2022-02-15 13:29:14.035142,"75,7086"
73.95,74.11 ,"5.596,00",2022-02-15 13:34:22.393190,"75,7139"
73.95,73.89 ,"5.591,00",2022-02-15 13:39:28.401739,"75,7681"
73.95,73.63 ,"5.588,50",2022-02-15 13:44:34.261336,"75,7608"
73.71,72.97 ,"5.525,50",2022-02-15 13:49:41.382453,"75,7780"
73.71,72.66 ,"5.510,00",2022-02-15 13:54:49.812187,"75,7382"
73.71,73.13 ,"5.534,00",2022-02-15 13:59:55.485558,"75,7362"
72.87,73.05 ,"5.533,00",2022-02-15 14:05:00.425358,"75,5822"
72.87,73.03 ,"5.535,00",2022-02-15 14:10:05.504698,"75,5627"
72.87,73.08 ,"5.536,50",2022-02-15 14:15:10.745111,"75,5638"
73,72.90 ,"5.519,50",2022-02-15 14:20:16.870188,"75,5417"
73,73.17 ,"5.534,00",2022-02-15 14:25:21.863942,"75,4394"
73,73.50 ,"5.550,50",2022-02-15 14:30:27.261216,"75,4221"
73,73.57 ,"5.543,00",2022-02-15 14:35:32.615082,"75,4840"
73,73.89 ,"5.599,50",2022-02-15 14:40:37.973355,"75,5300"
73,73.90 ,"5.592,50",2022-02-15 14:45:42.772315,"75,4595"
74.02,73.81 ,"5.588,50",2022-02-15 14:50:48.106898,"75,4186"
74.02,73.64 ,"5.571,00",2022-02-15 14:55:52.886801,"75,4199"
73.75,73.84 ,"5.569,50",2022-02-15 15:06:47.403479,"75,2609"
73.75,74.03 ,"5.579,00",2022-02-15 15:11:52.475326,"75,2389"
73.75,74.05 ,"5.587,50",2022-02-15 15:16:58.097741,"75,1935"
73.89999999999999,74.07 ,"5.572,00",2022-02-15 15:22:02.774185,"75,1815"
73.89999999999999,73.78 ,"5.552,00",2022-02-15 15:27:08.534801,"75,1837"
73.89999999999999,74.12 ,"5.573,50",2022-02-15 15:32:17.437849,"75,1313"
73.89999999999999,73.67 ,"5.561,00",2022-02-15 15:37:24.103360,"75,1473"
73.89999999999999,73.71 ,"5.532,50",2022-02-15 15:42:29.990906,"75,2463"
73.89999999999999,73.79 ,"5.541,00",2022-02-15 15:47:35.548453,"75,3001"
73.89999999999999,73.74 ,"5.547,50",2022-02-15 15:52:40.765894,"75,3183"
73.89999999999999,73.52 ,"5.540,50",2022-02-15 15:57:45.202201,"75,3738"
73.89999999999999,73.59 ,"5.540,00",2022-02-15 16:02:52.840895,"75,4490"
73.71,73.40 ,"5.535,50",2022-02-15 16:08:00.507256,"75,4671"
73.71,73.07 ,"5.508,00",2022-02-15 16:13:07.173482,"75,4618"
73.71,72.86 ,"5.501,50",2022-02-15 16:18:14.421737,"75,5367"
73.34,72.86 ,"5.509,50",2022-02-15 16:23:37.527993,"75,5923"
73.34,72.38 ,"5.465,00",2022-02-15 16:28:45.165347,"75,6065"
72.89,72.39 ,"5.470,50",2022-02-15 16:33:50.632047,"75,6265"
72.89,72.26 ,"5.460,50",2022-02-15 16:39:06.403349,"75,5985"
72.89,72.13 ,"5.465,50",2022-02-15 16:44:14.053485,"75,5980"
71.93,71.98 ,"5.435,00",2022-02-15 16:49:21.538732,"75,7454"
71.93,71.69 ,"5.439,00",2022-02-15 16:54:26.118069,"75,6384"
71.93,71.23 ,"5.386,00",2022-02-15 16:59:32.035799,"75,6720"
72.08,71.99 ,"5.451,00",2022-02-15 17:04:36.611887,"75,8082"
72.08,71.73 ,"5.426,00",2022-02-15 17:09:41.895562,"75,8127"
72.08,71.51 ,"5.412,50",2022-02-15 17:14:48.739236,"75,9501"
72.08,71.66 ,"5.431,50",2022-02-15 17:19:53.820985,"75,6676"
72.08,71.31 ,"5.430,00",2022-02-15 17:25:01.407065,"75,7044"
72.08,70.76 ,"5.375,00",2022-02-15 17:30:10.873315,"75,6974"
72.08,71.56 ,"5.406,00",2022-02-15 17:35:16.648075,"75,7022"
72.08,71.23 ,"5.394,50",2022-02-15 17:40:21.193346,"75,7861"
72.08,70.93 ,"5.376,00",2022-02-15 17:45:35.803333,"75,8962"
72.08,70.65 ,"5.369,00",2022-02-15 17:50:41.768076,"75,8804"
72.08,71.09 ,"5.387,50",2022-02-15 17:55:47.992048,"75,8723"
72.08,70.98 ,"5.396,50",2022-02-15 18:00:53.100839,"75,9185"
71.07,71.23 ,"5.409,50",2022-02-15 18:05:58.490271,"75,8567"
71.07,72.06 ,"5.477,50",2022-02-15 18:11:04.912260,"75,8453"
71.07,71.56 ,"5.451,00",2022-02-15 18:16:09.860661,"75,7359"
71.75,71.45 ,"5.430,50",2022-02-15 18:21:14.516507,"75,7224"
71.75,71.50 ,"5.426,50",2022-02-15 18:26:18.918534,"75,7145"
71.75,71.45 ,"5.417,00",2022-02-15 18:31:40.070955,"75,6195"
71.68,71.54 ,"5.426,50",2022-02-15 18:36:45.180378,"75,7039"
73.36,72.85 ,"5.461,00",2022-02-16 11:08:18.146903,"74,9043"
73.36,72.73 ,"5.473,00",2022-02-16 11:13:22.635852,"74,9416"
72.63,72.64 ,"5.455,00",2022-02-16 11:18:30.260592,"74,9771"
72.63,72.47 ,"5.453,00",2022-02-16 11:23:38.939023,"74,9665"
72.63,72.85 ,"5.468,50",2022-02-16 11:28:44.708927,"74,9708"
72.78,72.05 ,"5.408,00",2022-02-16 11:33:51.216589,"74,9223"
72.78,72.27 ,"5.437,00",2022-02-16 11:39:02.557033,"74,9250"
72.78,71.98 ,"5.398,00",2022-02-16 11:44:10.103970,"74,9567"
72.09,72.17 ,"5.408,00",2022-02-16 11:49:17.928450,"74,9741"
72.09,72.38 ,"5.433,00",2022-02-16 11:54:24.634667,"75,0279"
72.09,72.60 ,"5.450,50",2022-02-16 11:59:34.956024,"75,0517"
72.58,72.82 ,"5.460,00",2022-02-16 12:04:46.021869,"75,2087"
72.58,71.81 ,"5.403,50",2022-02-16 12:09:53.970704,"75,1536"
72.58,71.70 ,"5.388,50",2022-02-16 12:15:00.910255,"75,0651"
71.72,71.18 ,"5.358,50",2022-02-16 12:20:07.284909,"75,0841"
71.72,71.52 ,"5.381,00",2022-02-16 12:25:13.486451,"75,1178"
71.72,71.71 ,"5.387,50",2022-02-16 12:30:20.308867,"75,0723"
71.57,71.72 ,"5.400,50",2022-02-16 12:35:26.969775,"75,0756"
71.57,71.88 ,"5.397,50",2022-02-16 12:40:33.923926,"75,1918"
71.57,72.07 ,"5.408,00",2022-02-16 12:45:41.866933,"75,1749"
71.99999999999999,71.71 ,"5.390,50",2022-02-16 12:50:48.969359,"75,1411"
71.99999999999999,71.43 ,"5.369,50",2022-02-16 12:55:55.138078,"75,1354"
71.99999999999999,71.44 ,"5.365,00",2022-02-16 13:01:01.057701,"75,0719"
71.5,71.69 ,"5.391,50",2022-02-16 13:06:09.237826,"75,1204"
71.5,71.94 ,"5.399,50",2022-02-16 13:11:24.774342,"75,0983"
71.5,71.98 ,"5.411,50",2022-02-16 13:16:30.139857,"75,0808"
71.99,71.91 ,"5.409,00",2022-02-16 13:21:44.515883,"75,0722"
71.99,71.65 ,"5.383,00",2022-02-16 13:26:50.044581,"75,0660"
71.99,71.76 ,"5.392,50",2022-02-16 13:31:54.851936,"75,0688"
71.72,71.85 ,"5.400,50",2022-02-16 13:36:59.206422,"75,0043"
71.72,71.92 ,"5.398,00",2022-02-16 13:42:04.151822,"74,9940"
71.72,71.93 ,"5.406,00",2022-02-16 13:47:09.649902,"74,9331"
72.09,72.20 ,"5.410,00",2022-02-16 13:52:14.690347,"75,0020"
72.09,72.22 ,"5.422,00",2022-02-16 13:57:20.371052,"75,0204"
72.09,72.32 ,"5.426,50",2022-02-16 14:02:29.150035,"75,0417"
72.35,72.39 ,"5.430,50",2022-02-16 14:07:37.797669,"75,0614"
72.35,72.15 ,"5.416,00",2022-02-16 14:12:44.799371,"75,0590"
72.35,72.61 ,"5.449,00",2022-02-16 14:17:50.565260,"75,0401"
72.42,72.20 ,"5.434,50",2022-02-16 14:22:55.213856,"74,9423"
72.42,72.24 ,"5.428,00",2022-02-16 14:28:00.282471,"74,9753"
72.42,72.16 ,"5.415,50",2022-02-16 14:33:05.334340,"74,9520"
72.25,72.23 ,"5.422,50",2022-02-16 14:38:09.590473,"74,9438"
72.25,72.48 ,"5.438,00",2022-02-16 14:43:13.896409,"74,9127"
68.82,68.69 ,"5.228,50",2022-02-17 13:08:17.034502,"75,9175"
68.82,68.78 ,"5.235,00",2022-02-17 13:13:21.091046,"75,8845"
68.85,68.87 ,"5.236,50",2022-02-17 13:18:26.309926,"75,8666"
68.85,68.91 ,"5.237,50",2022-02-17 13:23:30.617114,"75,8609"
68.85,68.91 ,"5.234,50",2022-02-17 13:28:35.916082,"75,8140"
68.94,69.09 ,"5.249,00",2022-02-17 13:33:41.678866,"75,8302"
68.94,69.00 ,"5.241,50",2022-02-17 13:38:47.301061,"75,8416"
68.94,69.20 ,"5.251,00",2022-02-17 13:43:52.351549,"75,8245"
69.1,69.16 ,"5.256,00",2022-02-17 13:48:57.110817,"75,8763"
69.1,69.18 ,"5.258,50",2022-02-17 13:54:03.515513,"75,9465"
69.1,69.10 ,"5.252,00",2022-02-17 13:59:09.660003,"75,9501"
69.1,68.93 ,"5.242,00",2022-02-17 14:04:14.351209,"75,9473"
69.1,68.81 ,"5.236,50",2022-02-17 14:09:19.361287,"75,9683"
69.1,68.71 ,"5.225,50",2022-02-17 14:14:24.279593,"75,9110"
68.75,68.62 ,"5.221,00",2022-02-17 14:19:31.193900,"75,9148"
68.75,68.53 ,"5.220,00",2022-02-17 14:24:36.082939,"75,8940"
68.75,68.46 ,"5.208,50",2022-02-17 14:29:40.597407,"75,8763"
68.56,68.52 ,"5.206,50",2022-02-17 14:34:45.509353,"75,9420"
68.56,68.34 ,"5.190,50",2022-02-17 14:39:51.888188,"75,9596"
68.56,68.33 ,"5.200,00",2022-02-17 14:44:57.113340,"75,8053"
68.54,68.44 ,"5.207,50",2022-02-17 14:50:01.351619,"75,7265"
68.54,68.45 ,"5.204,50",2022-02-17 14:55:27.513169,"75,7946"
68.54,68.79 ,"5.215,00",2022-02-17 15:00:37.070057,"75,6789"
68.54,68.96 ,"5.236,50",2022-02-17 15:05:42.263208,"75,6520"
68.54,68.72 ,"5.218,00",2022-02-17 15:10:47.036960,"75,6600"
68.54,68.84 ,"5.228,00",2022-02-17 15:15:52.112996,"75,7446"
68.81,68.93 ,"5.219,00",2022-02-17 15:20:58.439412,"75,7312"
68.81,68.78 ,"5.215,00",2022-02-17 15:26:03.784037,"75,7259"
68.81,68.81 ,"5.209,50",2022-02-17 15:31:08.746762,"75,6723"
68.8,68.77 ,"5.211,00",2022-02-17 15:36:15.416299,"75,6503"
68.8,68.80 ,"5.216,50",2022-02-17 15:41:22.998436,"75,6590"
68.8,68.82 ,"5.219,50",2022-02-17 15:46:29.225540,"75,6740"
68.87,68.89 ,"5.223,00",2022-02-17 15:51:36.089452,"75,7245"
68.87,68.86 ,"5.218,00",2022-02-17 15:56:42.014842,"75,8780"
68.87,68.91 ,"5.223,00",2022-02-17 16:01:48.534310,"76,0196"
68.87,68.89 ,"5.219,00",2022-02-17 16:06:55.314471,"76,0214"
68.87,68.65 ,"5.224,50",2022-02-17 16:12:03.340035,"75,9266"
68.87,68.45 ,"5.205,50",2022-02-17 16:17:10.337522,"75,8926"
68.87,68.44 ,"5.210,00",2022-02-17 16:22:16.371606,"75,9000"
68.87,68.63 ,"5.207,00",2022-02-17 16:27:22.045405,"75,9470"
68.87,68.51 ,"5.211,00",2022-02-17 16:32:32.274346,"76,1234"
68.87,68.53 ,"5.203,50",2022-02-17 16:37:42.576366,"76,1935"
68.87,68.58 ,"5.215,50",2022-02-17 16:42:49.408199,"76,3144"
68.87,68.00 ,"5.186,00",2022-02-17 16:47:56.679987,"76,2171"
68.34,68.12 ,"5.192,50",2022-02-17 16:53:04.763936,"76,1253"
68.34,67.89 ,"5.188,00",2022-02-17 16:58:11.210424,"76,0338"
68.34,68.19 ,"5.202,50",2022-02-17 17:03:24.255052,"76,0470"
68.08,68.19 ,"5.197,00",2022-02-17 17:08:33.027431,"76,0777"
68.08,68.09 ,"5.188,00",2022-02-17 17:13:39.633627,"76,0753"
66.99,65.74 ,"4.975,50",2022-02-18 11:42:20.789802,"75,8366"
66.99,65.61 ,"4.974,00",2022-02-18 11:47:26.178684,"75,8385"
66.99,65.09 ,"4.952,00",2022-02-18 11:52:32.985784,"75,8773"
66.99,64.69 ,"4.920,50",2022-02-18 11:57:39.239278,"75,9620"
64.94,64.71 ,"4.922,50",2022-02-18 12:02:44.422826,"75,9351"
64.94,65.09 ,"4.946,00",2022-02-18 12:07:50.527839,"75,9140"
64.94,65.30 ,"4.960,50",2022-02-18 12:12:56.770012,"75,9004"
64.92,65.46 ,"4.972,50",2022-02-18 12:18:02.902309,"75,8585"
64.92,65.43 ,"4.974,50",2022-02-18 12:23:08.844986,"75,8544"
64.92,65.15 ,"4.950,50",2022-02-18 12:28:14.117483,"75,8493"
64.92,65.16 ,"4.949,00",2022-02-18 12:33:19.919272,"75,8309"
64.92,65.13 ,"4.946,00",2022-02-18 12:38:27.160478,"75,7496"
64.92,65.09 ,"4.948,00",2022-02-18 12:43:33.342968,"75,7684"
64.92,65.10 ,"4.945,00",2022-02-18 12:48:39.495374,"75,7554"
64.92,65.33 ,"4.950,00",2022-02-18 12:53:47.015398,"75,7891"
64.92,64.93 ,"4.925,00",2022-02-18 12:58:53.492766,"75,7685"
65.39,64.98 ,"4.929,00",2022-02-18 13:04:02.075104,"75,7730"
65.39,65.02 ,"4.933,00",2022-02-18 13:09:08.389546,"75,7380"
65.39,65.22 ,"4.948,00",2022-02-18 13:14:17.392304,"75,7491"
65.15,65.12 ,"4.937,00",2022-02-18 13:19:21.558257,"75,7633"
65.15,64.95 ,"4.920,00",2022-02-18 13:24:26.157919,"75,7496"
65.15,64.93 ,"4.923,00",2022-02-18 13:29:31.554492,"75,7438"
65.15,65.02 ,"4.927,50",2022-02-18 13:34:38.026569,"75,7536"
64.61,64.50 ,"4.885,50",2022-02-18 15:01:46.705464,"75,9137"
64.61,64.44 ,"4.894,00",2022-02-18 15:06:51.175436,"75,8615"
64.61,64.51 ,"4.907,00",2022-02-18 15:11:56.125310,"75,8667"
64.61,64.51 ,"4.900,50",2022-02-18 15:17:01.921344,"75,8570"
64.61,64.44 ,"4.895,50",2022-02-18 15:22:07.373434,"75,8284"
64.61,64.23 ,"4.878,00",2022-02-18 15:27:12.937960,"75,8845"
64.61,64.38 ,"4.886,50",2022-02-18 15:32:17.919989,"75,7835"
64.61,64.51 ,"4.899,00",2022-02-18 15:37:23.808909,"75,8084"
64.61,64.37 ,"4.892,00",2022-02-18 15:42:28.269930,"75,8168"
64.61,64.53 ,"4.897,00",2022-02-18 15:47:32.691862,"75,8429"
64.56,64.62 ,"4.906,50",2022-02-18 15:52:37.520340,"75,8246"
64.56,64.59 ,"4.905,00",2022-02-18 15:57:43.645070,"75,9906"
64.56,64.67 ,"4.910,00",2022-02-18 16:02:48.197491,"76,1061"
64.79,64.73 ,"4.909,00",2022-02-18 16:07:52.512722,"76,2143"
64.79,64.10 ,"4.866,50",2022-02-18 16:12:57.186419,"76,2573"
64.79,64.11 ,"4.885,50",2022-02-18 16:18:02.185698,"76,2650"
64.76,63.89 ,"4.860,00",2022-02-18 16:23:06.479906,"76,2528"
64.76,64.19 ,"4.896,50",2022-02-18 16:28:10.886817,"76,1571"
64.76,64.10 ,"4.900,00",2022-02-18 16:33:23.113186,"76,1651"
64.76,64.09 ,"4.892,00",2022-02-18 16:38:29.717074,"76,1458"
64.76,64.09 ,"4.892,50",2022-02-18 16:43:35.126716,"76,2554"
64.17,63.99 ,"4.878,00",2022-02-18 16:48:40.311129,"76,2374"
64.17,64.15 ,"4.888,00",2022-02-18 16:53:46.018665,"76,1939"
64.17,63.76 ,"4.879,50",2022-02-18 16:58:50.148234,"76,2439"
64.17,63.81 ,"4.872,00",2022-02-18 17:03:55.187078,"76,2946"
64.17,63.64 ,"4.857,00",2022-02-18 17:09:00.576264,"76,4033"
64.17,63.53 ,"4.839,50",2022-02-18 17:14:06.391019,"76,3962"
64.17,63.49 ,"4.842,50",2022-02-18 17:19:11.584143,"76,5194"
64.17,62.97 ,"4.810,00",2022-02-18 17:24:16.734349,"76,5701"
64.17,63.20 ,"4.829,00",2022-02-18 17:29:22.729066,"76,8487"
64.17,63.42 ,"4.864,50",2022-02-18 17:34:29.331779,"76,7051"
64.17,63.12 ,"4.839,50",2022-02-18 17:39:35.573179,"76,5490"
41.53,20.35 ,"2.097,00",2022-02-24 17:00:57.644406,"85,1090"
30.68,20.63 ,"2.010,00",2022-02-24 17:06:03.109477,"85,1360"
30.68,19.30 ,"2.064,00",2022-02-24 17:11:07.493327,"85,1567"
30.68,18.60 ,"2.049,50",2022-02-24 17:16:16.023352,"85,4370"
21.099999999999998,20.39 ,"2.084,00",2022-02-24 17:21:25.438334,"85,3019"
21.099999999999998,19.57 ,"2.127,50",2022-02-24 17:26:42.737130,"85,2251"
21.099999999999998,20.42 ,"2.139,00",2022-02-24 17:32:05.330659,"85,6578"
21.89,21.19 ,"2.249,50",2022-02-24 17:37:26.786146,"85,8355"
21.89,19.96 ,"2.272,50",2022-02-24 17:42:34.658264,"85,9220"
21.89,20.47 ,"2.282,50",2022-02-24 17:47:45.107739,"86,3795"
22.1,20.60 ,"2.230,50",2022-02-24 17:53:00.400585,"86,6457"
22.1,20.61 ,"2.250,00",2022-02-24 17:58:15.632679,"86,1548"
22.1,20.62 ,"2.297,00",2022-02-24 18:03:22.339386,"86,4017"
21.69,20.63 ,"2.389,50",2022-02-24 18:08:30.151623,"86,7237"
21.69,20.96 ,"2.530,00",2022-02-24 18:13:36.904864,"86,5752"
21.69,49.71 ,"2.349,00",2022-02-24 18:18:44.135415,"86,7126"
22.200000000000003,23.34 ,"2.394,00",2022-02-24 18:23:51.296978,"86,8801"
22.200000000000003,27.49 ,"2.433,50",2022-02-24 18:28:57.938603,"87,7689"
22.200000000000003,49.71 ,"2.480,00",2022-02-24 18:34:06.828669,"87,2513"
28.23,24.82 ,"2.650,00",2022-02-24 18:39:16.671360,"86,9128"
28.23,24.41 ,"2.352,00",2022-02-24 18:44:27.607113,"87,0054"
28.23,49.71 ,"2.422,00",2022-02-24 18:49:34.466588,"87,0349"
26.18,24.67 ,"2.422,00",2022-02-24 18:54:40.661957,"87,0303"
26.18,23.53 ,"2.422,00",2022-02-24 18:59:50.197351,"87,1860"
26.18,24.27 ,"2.422,00",2022-02-24 19:04:58.716977,"86,9050"
25.64,23.25 ,"2.503,00",2022-02-24 19:10:04.098534,"86,9396"
25.64,22.62 ,"2.503,00",2022-02-24 19:15:09.972228,"86,8354"
25.64,21.19 ,"2.500,00",2022-02-24 19:20:15.857548,"86,8261"
28.14,21.03 ,"2.486,00",2022-02-24 19:25:21.662003,"86,6147"
